NDS;DESCRICAO DO SERVICO
492578;NECESARIO CORTAR BAMBU COM VENTO ELES BATEM NO JUMPER ENCIMA DA CF DO TRAFO P0102 ATUANDO ELO NA CR P TRAS E TBEM ESTAO POR CIMA DO RAMAL DO CLIENTE,BOM ACESO CHEGA VEICULO ATE O PS,FICOU TUDO LIGADO,  [PS=620646829 V4X4=NAO  CESTO=NAO  LV=NAO  CHVAB=NAO  JUMPAB=NAO  RISCOACID=NAO  CONSDESLIG=NAO  AVARIANAREDE=SIM   TODAREDEINSP=NAO  FONTESUB=NAO]  PS=620646829,CORTAR CERCA VIVA/BAMBU=10  
492579;GERAR NDS PARA MANUTENCAO TROCAR TRAFO F7476   FEITO TESTE O MESMO ESTA COM NEUTRO ROMPIDO INETRNAMENTE  NECESSARIO A TROCA DO MESMO  LIVRE ACESSO PARA CAMINHAO,  [PS=793746489 V4X4=NAO  CESTO=NAO  LV=NAO  CHVAB=SIM  JUMPAB=NAO  RISCOACID=NAO  CONSDESLIG=SIM  AVARIANAREDE=SIM   TODAREDEINSP=SIM  FONTESUB=SIM]  PS=793746489,PODAR ARVORE=1 PS=793746489,APRUMAR POSTE=1 PS=793746489,EMENDAR CONDUTOR(ES=1 PS=793746489,TRANSFORMADOR AVARIADO=1  
492580;FAVOR EXECUTAR PADRONIZACAO NO TR 81776E0081 EFETUAR TROCA DE CHAVE MARTELO ,TROCA DE PARAIOS ,CHAVES PROXIMO DA ALTA FACIL ACESSO E EMPRESARIOS PEDEM URGENCIA PQ A MESMA CHAVE ABRE SEMPRE SEM ATUAR O ELO FUSIVEL,  [PS=611817645 V4X4=NAO  CESTO=SIM  LV=NAO  CHVAB=NAO  JUMPAB=NAO  RISCOACID=NAO  CONSDESLIG=NAO  AVARIANAREDE=SIM   TODAREDEINSP=SIM  FONTESUB=NAO]  PS=611817645,SUBSTITUIR PORTA FUSIVEL=3  [PS=611817645,3-CHAVE FUSIVEL C -  PORCELANA 15KV 300A  PS=611817645,3-PARA-RAIO  15 KV POLIMERICO  PS=611817645,15-CABO COBRE XLPE 0,6/1KV 16 MM2  PS=611817645,15-FIO COBRE NU 6 AWG  ]
492581;PODAR VARIAS ARVORES ENTRE OS PS 794861215 E 794861211 NECESSARIO LINHA VIVA OU DESLIGAR A REDE, ARVORES SOBRE A REDE E QUEIMANDO QUANDO VENTA, ACESSO VIA ROCA (SERVICO DE EMERGENCIA)
492582;TROCAR O TR G9912, TR DE 75KVA NA 34,5KV, O MESMO ESTA QUEIMADO E FICOU ABERTO, BOM ACESSO NA ESTRADA (SERVICO DE EMERGENCIA)
492583;[11:28, 19/09/2025] +55 45 9991-3373 FAVOR GERAR NDS PARA TROCA DE PARAFUSO PASSANTE ROMPIDO, CORDOALHA DA REDE COMPACTA CAIDA SOBRE CONDUTORES NO ALIMENTADOR MALASIA PS 578994923 SERVICO URGENTE
492584;TRASER EMENDA CABO2WG PARANA TRIFASICO E UM UNS3M DE CABO POR PRECAUSAO TRASER UM ISOLODOR DA 34 CHAVE 82023 ABERTA E CHAVE DO RA 82022 ABERTA COM ACESSO CAMINHAO PS CABO ROMPIDO 607304062,  [PS=607304062 V4X4=SIM  CESTO=SIM  LV=NAO  CHVAB=SIM  JUMPAB=SIM  RISCOACID=SIM  CONSDESLIG=SIM  AVARIANAREDE=SIM   TODAREDEINSP=NAO  FONTESUB=NAO]  PS=607304062,EMENDAR CONDUTOR(ES=1  
492585;POSTE ABALROADO POR CAMINHAO. VITIMA NO LOCAL.   NUM. GEO  771997382  COORDENADAS  381566, 7130885  COD. MATERIAL:  20011314  CODIGO MCPSE  DESCRICAO:  POSTE DUPLO T B-4.5/2000/13.5MPOSTE DA CHAVE 24797 -  247 CLIENTES SEM ENERGIA E SEM OPCAO DE MANOBRAS.
492586;CRUZAMENTO AEREO ESTA DESRREGULADO DEVIDO AO ABALROAMENTO DO POSTE NA CHAVE 24797. REDE NO CURZAMENTO ESTA LIGADA. FOI MANOBRADO PRAA DIMINUIR A CARGA. VER POSSIBILIDADE DE LINHA VIVA NO LOCAL.
492587;PARA DERRUBADA DE ARVORE DE GFANDE PORTE ACIMA DA REDE PENDIDA SOBRE PROXIMA AO TR A8897 E VARIAS ARVORES A SEREM DERRUBADAS ACIMA A REDE DE GRANDE PORTE DERIVACAO DA CHAVE 00480 NOS PS 796084259 E 77322354102 E CONTRINUAR ROCADA
492588;PARA INTETCALA UM POSTE PROXIMO DO PS 794148127   CABO ESTA BAIXO NO  MEIO DA LAVOURA   ASSESO BOM PARA CAMINHAO  E TROCAR PS 794823605  PS DE MADEIRA FINAL DUMA BT   PROGRAMAR COM AGECIA PARA FASER AS PODAS NESSESARIAS NO RAMAL (SERVICO DE EMERGENCIA)
492589;FAVOR GERAR NDS PARA CORTAR 2 ARVORES DE GRANDE PORTE PUXAR COM TIFOR NO TR 8324030441 CR 8324007564
492590;FAVOR GERAR NDS PRA FAZER AMARASAO DE CABO 4.0 DO ALIMENTADOR PLANAUTO , NESSESARIO DESLIGAR REDE DE 13,I CR 5115,, LOCAL DIFICIL ACESSO PS 791393997,
492592;FOI ROUBADO 4 TRAFO  DO   R2405  R2404 R2503. R2402  TODOS ESSE TAFO NAO TEM MORADOR NO LOCAL GERAR NDS PRA RECOLHER OS CASCO  TODOS NA BEIRA DA ESTRADA, APOS ISTO SOLICITAR ATUALIZAR O CADASTRO  [PS=846371778 V4X4=SIM  CESTO=NAO  LV=NAO  CHVAB=NAO  JUMPAB=NAO  RISCOACID=NAO  CONSDESLIG=NAO  AVARIANAREDE=SIM   TODAREDEINSP=SIM  FONTESUB=NAO]  PS=846371778,TRANSFORMADO QUEIMADO=1  [PS=846371778,1-TRANSF. MONO. 33 KV     10 KVA  ]
492594;REFAZER JUMPER DE DUAS FASSES E COLOCAR GLV, CABO 4 AWG QUASE ROMPENDO, REFAZER ESTAIO E INSTALAR UM PARARRAIO 34KV,  [PS=784489296 V4X4=NAO  CESTO=NAO  LV=NAO  CHVAB=SIM  JUMPAB=NAO  RISCOACID=NAO  CONSDESLIG=SIM  AVARIANAREDE=SIM   TODAREDEINSP=SIM  FONTESUB=NAO]  PS=784489296,REPARAR CONDUTOR (TENTOS ROMPENDO=2 PS=784489296,REFAZER ESTAI=1 PS=784489296,REFAZER JUMPER=2  [PS=784489296,6-CABO COBRE XLPE 0,6/1KV 16 MM2  ]
492597;REFAZER JAMPER DO TR PRA REDE TR  I0127 E REFAZER BT NUA CABO 2 BARRA 0  1 VAO PERTO DO CRUZAMENTO E PADRONIZAR 3 CHAVES UNIPULAR  COM LINHA VIVA,  [PS=621149948  V4X4=NAO  CESTO=SIM  CHVAB=NAO  JUMPAB=NAO  LV=SIM  CONSDESLIG=SIM  RISCOACID=NAO  AVARIANAREDE=NAO  TODAREDEINSP=SIM  FONTESUB=NAO]  PS=621149948,REFAZER JUMPER=1 PS=621149948,EMENDAR CONDUTOR(ES=1 PS=621149948,SUBSTITUIR CHAVE UNIPOLAR=3  
492598;REFAZER JAMPER DO TR PRA REDE TR  I0127 E REFAZER BT NUA CABO 2 BARRA 0  1 VAO PERTO DO CRUZAMENTO E PADRONIZAR 3 CHAVES UNIPULAR  COM LINHA VIVA,  [PS=621149948 V4X4=NAO  CESTO=SIM  LV=SIM  CHVAB=NAO  JUMPAB=NAO  RISCOACID=NAO  CONSDESLIG=SIM  AVARIANAREDE=NAO   TODAREDEINSP=SIM  FONTESUB=NAO]  PS=621149948,REFAZER JUMPER=1 PS=621149948,EMENDAR CONDUTOR(ES=1 PS=621149948,SUBSTITUIR CHAVE UNIPOLAR=3  
492599;PONTO QUENTE NA GLV DA CHAVE 02974-URUBU DERRETIDO VERIFICAR TODAS CONEXOES TROCAR CHAVES FASE A E C POR TIPO CF LAMINADA-FOTOS GRUPO NDS
492600;FAVOR GERAR NDS PARA PODA DE ARVORES PS 849246396 PS 796375069 PS 881213006 PS 881213006  PONTOS CRITICO PLANO 500   FASER DESLIGAMENTO   MANDAR NUMERO DA NDS OBRIGADO
492602;RRFAZER ESTAI NO PS 615027241 ONDE UM TRATOR ROMLEU O Q ESTAVA E ACABARAM CORTANDO PELA METADO A CORDOALHA QUE ESTAVA NO LOCAL POIS COM ISTO O POSTE ESTA PENDIDO MATERIAL A SER UZASO AMCORA PARA ESTAIPEDRA PARA ESTAI E A CORODOALHA PARA FAZER ESTAI TUDO NOVO NO LOCAL TRICHO FICOU TUDO ENERJIZADO,  [PS=615027241 V4X4=SIM  CESTO=NAO  LV=NAO  CHVAB=NAO  JUMPAB=NAO  RISCOACID=SIM  CONSDESLIG=NAO  AVARIANAREDE=SIM   TODAREDEINSP=SIM  FONTESUB=SIM]  PS=615027241,APRUMAR POSTE=1  [PS=615027241,1-CORDOALHA DE FIOS DE ACO HS 9,5MM  ]
492603;FAVOR GERAR NDS PARA INTERCALAR POSTE ENTRE O PS 616134772 AO PS 616134577, CABO ESTA A 4.40 DO SOLO, BOM ACESSO AO LOCAL. TAMBEEM FAZER PODA DE ARVORES ENTRE O PS 616134695 AO PS 616134925, GRANDE QUANTIDADE DE GALHOS E ARVORES PROXIMOS AOS CABOS, MARCAS DE QUEIMADO NOS MESMOS. TAMBEM PARA TROCA DAS CF 02479 E CF 02414, A MESMAS ESTAO NO PALIATIVO E ESTAO FORUXAS, TORTAS, MUITO PROXIMAS... BOM ACESSO A TODOS OS LOCAIS, ALIMENTADOR FRANCA,  [PS=616134577 V4X4=SIM  CESTO=SIM  LV=NAO  CHVAB=NAO  JUMPAB=NAO  RISCOACID=NAO  CONSDESLIG=NAO  AVARIANAREDE=SIM   TODAREDEINSP=SIM  FONTESUB=NAO]  PS=616134577,APRUMAR POSTE=1 PS=616134663,PODAR ARVORE=50 PS=938799199,SUBSTITUIR CHAVE UNIPOLAR=1  
492605;GERAR NDS PRA MANUTENSAO DE LINHA VIVA FAZER PODA DE ARVORE NO PS 778969149 BOM ACESSO NA BEIRA DA RUA   
492606;GALHOS DE PINHEIRO CAUSOU QUEBRA DE PS N4 ,,,E,  PS DE PASSAGEM  FACIL ACESSO, NECESSARIO ABRI CHAVE 09736,,,,,,  [PS=627324306 V4X4=SIM  CESTO=NAO  LV=NAO  CHVAB=NAO  JUMPAB=NAO  RISCOACID=NAO  CONSDESLIG=NAO  AVARIANAREDE=SIM   TODAREDEINSP=NAO  FONTESUB=NAO]  PS=627324306,POSTE AVARIADO/ABALROADO (SUBSTITUIR=2  
492607;GERADO NDS PARA REFAZER ESTAI COMPLETO NO PS 95144214.RUIM DE ACESSO.,  [PS=951447214 V4X4=SIM  CESTO=NAO  LV=NAO  CHVAB=NAO  JUMPAB=NAO  RISCOACID=NAO  CONSDESLIG=NAO  AVARIANAREDE=NAO   TODAREDEINSP=SIM  FONTESUB=NAO]  PS=951447214,REFAZER ESTAI=1  [PS=951447214,1-CORDOALHA ACO CARBONO 6,4 MM  ]
492608;NESCESARIO DESLIGAR CR 8324022486 FAZER ROCADA GALHOS POR CIMA DA REDE,  [PS=796650843  V4X4=NAO  CESTO=NAO  CHVAB=NAO  JUMPAB=NAO  LV=NAO  CONSDESLIG=NAO  RISCOACID=NAO  AVARIANAREDE=NAO  TODAREDEINSP=SIM  FONTESUB=NAO]  PS=796651336,FAZER ROCADA=50 PS=796650843,CORTAR ARVORE COM MOTOSSERRA=50  
492609;GERAR PRA LINHA VIVA FAZER TROCA DA CR OU REGULAGEM DA CR 8177605145 CR SO COM UM PORTA FUSIVEL POR FASES DISTACIA SO PRA LINHA VIVA  AS CHAPINHA DA ENTRANDA DA CR TODAS DESREGUGADAS SO COM UM PORTA FUSIVEL POR FASE (SERVICO DE EMERGENCIA)
492610;FAVOR GERAR NDS PRA INTERCALAR POSTE ENTRE OS PS 808641909 ATE O PS 808641911 VAO MUITO LONGO APROXIMADAMENTE 200 METROS MEDINDO 4,80 DE ALTURA  NAO PASSA MAQUINAS AGRICOLA LOCAL E LAVOURA MAS O CLINTE DEIXA ENTRAR COM O CAMINHAO ATE O LOCAL,  [PS=808641909 V4X4=SIM  CESTO=NAO  LV=NAO  CHVAB=NAO  JUMPAB=NAO  RISCOACID=NAO  CONSDESLIG=NAO  AVARIANAREDE=NAO   TODAREDEINSP=SIM  FONTESUB=NAO]  PS=808641909,POSTE IRREGULAR (SUBSTITUIR/REALOCAR=1  [PS=808641909,1-POSTE DUPLO T B/300/12,0M  ]
492611;PASSAR PARA MANUTENCAO SUBSTITUIR O TR 46676 QUE ESTA QUEIMADO LOCAL RUIM DE ACESSO NESCESSARIO ABRIR CHAVE 20998 POIS NAO APRESENTA DISTANCIA SEGURA,  [PS=774094300 V4X4=SIM  CESTO=SIM  LV=NAO  CHVAB=NAO  JUMPAB=NAO  RISCOACID=NAO  CONSDESLIG=SIM  AVARIANAREDE=NAO   TODAREDEINSP=NAO  FONTESUB=NAO]  PS=774094300,TRANSFORMADO QUEIMADO=1  [PS=774094300,1-TRANSF. MONO  10KVA OVI  ]
492612;LINHA VIVA JUMPER NO POSTE 8628824797 PENDURADO PARA FAZER SEQUENCIA DE FASE E CONECTAR CORRETAMENTE
492613;DERRUBADAS DE ARVORES DE GRANDE PORTE, BOM ACESSO BEIRA DE ESTRADA, ARVORES ESTAO PENDIDA PRO LADO DA REDE, VIM O QUANTO ANTES, CLIENTE FALOU QUE DA VENTO E PEGA NO CABO E DA BASTANTE FOGO NA REDE. PS 627265711 TR 8628847958.,  [PS=627265711 V4X4=SIM  CESTO=NAO  LV=NAO  CHVAB=NAO  JUMPAB=NAO  RISCOACID=NAO  CONSDESLIG=NAO  AVARIANAREDE=NAO   TODAREDEINSP=SIM  FONTESUB=NAO]  PS=627265711,CORTAR ARVORE COM MOTOSSERRA=20  
492614;NDS PARA LINHA  VIVA REFAZER OS 6  JUMPER NA  SU 20754  ALIMENTADOR  TIA JOANA  QUENTE DOS DOIS LADOS ACESSO BOM  NO LOCAL
492616;FEITO TESTE A VAZIO NO TR T 1721NAO ACEITO O MESMO ESTA QUEIMADO LIVRE ACESSO  PRA CAMINHAO,  [PS=617227258 V4X4=NAO  CESTO=SIM  LV=NAO  CHVAB=NAO  JUMPAB=NAO  RISCOACID=NAO  CONSDESLIG=SIM  AVARIANAREDE=NAO   TODAREDEINSP=SIM  FONTESUB=NAO]  PS=617227258,TRANSFORMADO QUEIMADO=1  [PS=617227258,1-TRANSF. TRIF.13.2KV 112.5KVA AMB.AGRES.  ]
492617;SUBSTITUIR TR H0353 QUEIMADO
492618;FAVOR GERAR NDS PARA SUBSTITUIR POSTE AVARIADO NO PS 945903618 PROGRAMAR NO MEIO DA LAVOURA RECEM PLANTADO NIMGUEM SEM LUZ DERIVACAO ESTA DESATIVADA,  [PS=945903618 V4X4=SIM  CESTO=NAO  LV=NAO  CHVAB=NAO  JUMPAB=NAO  RISCOACID=NAO  CONSDESLIG=NAO  AVARIANAREDE=SIM   TODAREDEINSP=SIM  FONTESUB=NAO]  PS=945903618,POSTE AVARIADO/ABALROADO (SUBSTITUIR=1  [PS=945903618,1-POSTE DUPLO T B/600/12.0 M  ]
492619;SENTRAL FAVOR GERAR NDS PRA MANOTENCAO FASER A TROCA DO PS 943886091 QUE ESTA QUEBRADO REFASER ESTAIO DO MESMO E ESTAIO DO PS 943886094, CF 458 ABERTA E SINALIZADA [PS=943886091 V4X4=SIM  CESTO=NAO  LV=NAO  CHVAB=SIM  JUMPAB=NAO  RISCOACID=NAO  CONSDESLIG=SIM  AVARIANAREDE=SIM   TODAREDEINSP=SIM  FONTESUB=NAO]  PS=943886091,POSTE AVARIADO/ABALROADO (SUBSTITUIR=1  [PS=943886091,1-POSTE DUPLO T B/300/12,0M  PS=943886091,2-ISOL PILAR PORCELANA 15 KV  ]
492620;NDS PARA TROCAR CHAVES E PARARAIO DO TR L0057 ACESSO BOM PODE SER FEITO COM LINHA VIVA,  [PS=771623882 V4X4=SIM  CESTO=SIM  LV=SIM  CHVAB=NAO  JUMPAB=NAO  RISCOACID=NAO  CONSDESLIG=NAO  AVARIANAREDE=SIM   TODAREDEINSP=SIM  FONTESUB=NAO]  PS=771623882,SUBSTITUIR PARARRAIO(S=3 PS=771623882,SUBSTITUIR CHAVE UNIPOLAR=3  [PS=771623882,3-CHAVE FUSIVEL C - POLIMERICA 15KV 300A  PS=771623882,3-PARA-RAIO  15 KV POLIMERICO  ]
492621;LINHA VIVA JUMPER NO POSTE 8628824797 PENDURADO PARA FAZER SEQUENCIA DE FASE E CONECTAR CORRETAMENTE
492624;FAVOR GERAR NDS PARA SUBSTITUIT PS 604544598 QUEBRADO QUANTO ANTES ESTA SOBRE A RUA NIMGUEM DESLIGADO TRAZER UM B300 CRUZETA E IZOLADORES ESTAO BOMS,  [PS=604544598 V4X4=SIM  CESTO=NAO  LV=NAO  CHVAB=NAO  JUMPAB=NAO  RISCOACID=SIM  CONSDESLIG=NAO  AVARIANAREDE=SIM   TODAREDEINSP=SIM  FONTESUB=NAO]  PS=604544598,POSTE AVARIADO/ABALROADO (SUBSTITUIR=1  [PS=604544598,1-POSTE DUPLO T B/300/12,0M  ]
492626;FAVOR  GERA NDS PARA MANUTENCAO TROCA POSTE QUEBRADO 888503339 TRAZER 1POSTE B300 DE 12 METROS  FICO ABWRTO JUMPER NO PS 888500423  LUGAR  DE BOUM ACESSO  FICO  FECHADO A  CR92474 AS 17:10  TRAZER  1 PS B300 DE 12 METROS 1 IZOLADOR  PILAR DA 34 KVA,  [PS=888503339 V4X4=SIM  CESTO=NAO  LV=NAO  CHVAB=NAO  JUMPAB=SIM  RISCOACID=NAO  CONSDESLIG=SIM  AVARIANAREDE=SIM   TODAREDEINSP=SIM  FONTESUB=NAO]  PS=888503339,POSTE AVARIADO/ABALROADO (SUBSTITUIR=1 PS=888503339,EMENDAR CONDUTOR(ES=1  [PS=888503339,1-POSTE DUPLO T B/300/12,0M  PS=888503339,1-CABO  AL NU CAA  4 AWG - COM ALMA  PS=888503339,1-ISOL PILAR PORCELANA 35 KV  ]
492627;CENTRAL CHAVE 59466  FICO ABERTA CABO DE ACO ROMPIDO  NOS PS DO TRG8965   CABO 32X25   TRAZER INMENDA  ASECO APE,  [PS=600069758 V4X4=SIM  CESTO=NAO  LV=NAO  CHVAB=SIM  JUMPAB=NAO  RISCOACID=NAO  CONSDESLIG=SIM  AVARIANAREDE=NAO   TODAREDEINSP=SIM  FONTESUB=NAO]  PS=600069758,REFAZER ENGASTAMENTO DO POSTE=1  
492629;GERAR NDS PARA TROCA DE PS DE 300DAM COM 12 METROS  PS615024547 FICOU TRICHO IZOLADO POR 2 SU ABERTAS SU 12268 E SU 57294
492630;NDS PARA REFASER CONEXAO DA SAIDA DA CGAVE FASE B CHAVE DE SAIDA DO RA GRA63 ACESSO BOM PODE SER FEITK COM LV,  [PS=626918181 V4X4=SIM  CESTO=SIM  LV=SIM  CHVAB=NAO  JUMPAB=NAO  RISCOACID=NAO  CONSDESLIG=NAO  AVARIANAREDE=SIM   TODAREDEINSP=SIM  FONTESUB=SIM]  PS=626918181,REFAZER JUMPER=1  [PS=626918181,1-CHAVE FUSIVEL C -  POLIMERICA 27KV 300A  ]
492631;FAVOR GERAR NDS PARA TROCAR POSTE QUEBRADO LOCAL FACIL ACESSO POSSSUI LEITARIA NO LOCAL,  [PS=876523839 V4X4=SIM  CESTO=NAO  LV=NAO  CHVAB=SIM  JUMPAB=NAO  RISCOACID=NAO  CONSDESLIG=SIM  AVARIANAREDE=SIM   TODAREDEINSP=SIM  FONTESUB=NAO]  PS=876523839,CORTAR ARVORE COM MOTOSSERRA=3 PS=876523839,POSTE AVARIADO/ABALROADO (SUBSTITUIR=1  [PS=876523839,1-POSTE DUPLO T B/300/12,0M  ]
492633;****3 UCS DESLIGA NA TRONCO DO ALIMENTADOR*****TROCAR PS POIS O QUE ESTAVA NO LOCAL QUEBROU DEVIDO TER DADO UM VENTO FORTE, TRECHO FICOU ISOLADO PELAS SU 12268 E SU 57924 TRAZER  POSTE B300 DE 12 METROS NO LOCAL O PS ESTA NA  BEIRA DA ESTRADA MAS POREM TERA QUE ENTRAR NA LAVOURA PARA PODER SUBISTITUI-LO DEVIDO A TER UM BARRANCO COM MAIS DE 2 METROS DE ALTURA NO LOCAL  PS 615024547 ESTE E PONTO QUE ESTA QUEBRADO,  [PS=615024547 V4X4=NAO  CESTO=NAO  LV=NAO  CHVAB=SIM  JUMPAB=NAO  RISCOACID=SIM  CONSDESLIG=SIM  AVARIANAREDE=SIM   TODAREDEINSP=SIM  FONTESUB=SIM]  PS=615024547,POSTE AVARIADO/ABALROADO (SUBSTITUIR=1  [PS=615024547,1-POSTE DUPLO T B/300/12,0M  ]*
492636;SUBSTITUIR PS 939798113 E PS POSTE 939798128, E APRUMAR OS DEMAIS PS A FRENTE,  9 POSTES, APRUMAR 7, TROCAR 2, SUBST 6 CRUZETAS E 8 ISOLADIRES, PILAR DA 34. DIFICIL ACESSO PARA CAMINHAO, MUITO BARRO , POSTES ESTAO PARA CAIR, TRECHO ISOLADO, ABERTA A CH 9362 E CH 9374, OS POSTES AVARIAS ENTRE O PS POSTE 939798110 E O POSTE 939798131, PS POSTE 939798158 ABARLOADO, APRUMAR  V4X4=SIM  CESTO=NAO  LV=NAO  CHVAB=SIM  JUMPAB=NAO  RISCOACID=NAO  CONSDESLIG=SIM  AVARIANAREDE=SIM   PS=939798113 PS=939798113,POSTE AVARIADO/ABALROADO (SUBSTITUIR=9 PS=939798113,SUBSTITUIR CRUZETA(S=6 PS=939798113,SUBSTITUIR ISOLADORES=8  [PS=939798113,2-POSTE DUPLO T B/300/12,0M  PS=939798113,99-CABO  AL NU CAA 2/0 AWG - COM ALMA  PS=939798113,8-CRUZETA POSTE CONCRETO L=2000MM  PS=939798113,8-ISOL PILAR PORCELANA 35 KV  ]
492637;FAVOR GERAR NDS PRA FAZER EMENDA DE CABO 2.0  NO PS 616100313 AO PS 616100314 LOCAL DE LAVOURA BEIRA DA ESTRADA EM FRENTE UNS AVIARIO VINDO DE ASSIS CINTIDO TERRA NOVA  AS DIREITA O RA CUT36 ESTA ABERTO ENTRADA E SAIDA E TRAVADO MECANICAMENTE E TAMBEM ESTA ABERTO A SU 01840  LOCAL DE BOM ACESSO,  [PS=616100314 V4X4=SIM  CESTO=NAO  LV=NAO  CHVAB=SIM  JUMPAB=NAO  RISCOACID=NAO  CONSDESLIG=SIM  AVARIANAREDE=SIM   TODAREDEINSP=SIM  FONTESUB=NAO]  PS=616100314,EMENDAR CONDUTOR(ES=1  [PS=616100314,1-CABO  AL NU CAA 2/0 AWG - COM ALMA  ]
492640;LOCAL DIFICIL ACESSO ,PRECISA FAZER RODADA GRANDE ARVORES DE GRANDE PORTE A SER CORTADAS , NAO FOI POSSIVEL VER SE TEVE POSTE QUEBRADO OU ISOLADORES QUEBRADO OU CRUSETA PREVENIR TRAZER CRUZERA E ISOLADOR  , TOMAR CUIDADO FOI LOCALIZADO CAIXAS DE ABELHAS PROXIMO AO LOCAL . PS CABO ROMPIDO 949778102 ATE PS 949778108 .,  [PS=949778108 V4X4=NAO  CESTO=NAO  LV=NAO  CHVAB=NAO  JUMPAB=SIM  RISCOACID=NAO  CONSDESLIG=SIM  AVARIANAREDE=SIM   TODAREDEINSP=SIM  FONTESUB=NAO]  PS=949778102,REPARAR CONDUTOR (TENTOS ROMPENDO=2 PS=949778102,CORTAR ARVORE COM MOTOSSERRA=10 PS=949778102,POSTE AVARIADO/ABALROADO (SUBSTITUIR=01 PS=949778102,TRANSFORMADOR AVARIADO=01  [PS=949778108,2-CABO AL NU 2 AWG  ]
492641;FAVOR GERAR NDS PARA EMENDA DE CONDUTOR DE AT LOCAL DIFICIL ACESSO A NOITE , FOI ABERTO JUMPER NO PS DO DEFEITO PS 793768341 ATE O TR L1749 FICOU DESLIGADO ESSE TREXO, CHAVE 01540 FICOU FECHADA,  [PS=793768341 V4X4=SIM  CESTO=NAO  LV=NAO  CHVAB=NAO  JUMPAB=SIM  RISCOACID=NAO  CONSDESLIG=SIM  AVARIANAREDE=SIM   TODAREDEINSP=SIM  FONTESUB=NAO]  PS=793768341,PODAR ARVORE=4 PS=793768341,EMENDAR CONDUTOR(ES=1  [PS=793768341,20-CABO  AL NU CAA  4 AWG - COM ALMA  ]
492642;CENTRAL FAVOR GERAR NDS PARA TRPCA DO TR S0742 NAO FOI FEITO TESTE A VAZIO CASAMENTO NO LOCAL E ESTAO NA FASE QUE FICOU LIGADA (SERVICO DE EMERGENCIA)SE POSIBEL A MANUTENCAL FAZER O TESTE A VAZIO ANTES DA TROCA (SERVICO DE EMERGENCIA)   
492643;CENTRAL FAVOR GERAR NDS PARA TRPCA DO TR S0742 NAO FOI FEITO TESTE A VAZIO CASAMENTO NO LOCAL E ESTAO NA FASE QUE FICOU LIGADA (SERVICO DE EMERGENCIA)SE POSIBEL A MANUTENCAL FAZER O TESTE A VAZIO ANTES DA TROCA (SERVICO DE EMERGENCIA)
492645;FAVOR GERAR NDS PARA TROCAR CRUZETAS REPOR CABOS NOS ISOLADORES E VERIFICAR SE A NESSECIDADE DE TROCA DOS PS 1106031697 EO PS 1106031673 TROCIDOS DEVIDO CABOS FORA 1106031736 1106031750 1106031765 1106031810 1106031797 1106031831 1106031678,  [PS=110603169 V4X4=NAO  CESTO=SIM  LV=NAO  CHVAB=SIM  JUMPAB=NAO  RISCOACID=NAO  CONSDESLIG=SIM  AVARIANAREDE=SIM   TODAREDEINSP=NAO  FONTESUB=NAO]  PS=1106031697,POSTE AVARIADO/ABALROADO (SUBSTITUIR=2 PS=1106031697,SUBSTITUIR CRUZETA(S=5 PS=1106031697,RETENSIONAR CONDUTOR=3  [PS=1106031697,2-POSTE DUPLO T B/600/12.0 M  PS=1106031697,5-CRUZETA POSTE CONCRETO L=2000MM  ]
492646;FAZER EMENDA DE UM CONDUTOR NO PS 575152784 LOCAL DE FACIL ACESSO CHEVES ABERTA NA REDE 09366 09365 09367 E 12058 AGENCIA FAZ,  [PS=575152784 V4X4=SIM  CESTO=NAO  LV=NAO  CHVAB=SIM  JUMPAB=NAO  RISCOACID=NAO  CONSDESLIG=SIM  AVARIANAREDE=NAO   TODAREDEINSP=SIM  FONTESUB=NAO]  PS=575152784,EMENDAR CONDUTOR(ES=01  
492647;GERAR NDS PRA MANUTENSAO FAZER EMENDA DE CABO E TROCAR POSTE QUEBRADO NO PS 951528200 DIFICIO A CESSO FICOU ABERTO A TRIP 8324007482 E ENMULETA O POSTE DO PS 549798276,  [PS=951528200 V4X4=SIM  CESTO=NAO  LV=NAO  CHVAB=SIM  JUMPAB=NAO  RISCOACID=NAO  CONSDESLIG=SIM  AVARIANAREDE=SIM   TODAREDEINSP=SIM  FONTESUB=NAO]  PS=951528200,POSTE AVARIADO/ABALROADO (SUBSTITUIR=1 PS=951528200,EMENDAR CONDUTOR(ES=2  [PS=951528200,1-POSTE,FIBRA VIDRO F/600/12,0M CIRC/QUAD  PS=951528200,1-TRANSF. MONO. 13.2KV-254V 25 KVA  PS=951528200,3-CRUZETA POSTE CONCRETO L=2000MM  PS=951528200,15-CABO  AL NU CAA  4 AWG - COM ALMA  PS=951528200,3-ISOL BASTAO PORCELANA 15 KV  ]
492649;CABO ROMPIDO NO CRUZAMENTO AEREO PROXIMO DA CF 864 - OBS: TRECHO AINDA NAO ISOLADO, ESTA EM MANOBRAS
492650;REFAZER JUMPER DA CHAVE DO TR
492654;EMENDAR CABO 366 NO PS 775121241 SOMENTE UMA FASE, TRAZER ISOLADOR PILAR DA 13, ROMPEU EM CIMA DO ISOLADOR, BOM ACESSO, CRUZETA TRINCADA AVALIAR NECESIDADE DE TROCA,  [PS=775121241 V4X4=SIM  CESTO=SIM  LV=NAO  CHVAB=SIM  JUMPAB=NAO  RISCOACID=NAO  CONSDESLIG=SIM  AVARIANAREDE=SIM   TODAREDEINSP=SIM  FONTESUB=NAO]  PS=775121241,EMENDAR CONDUTOR(ES=1  
492655;REFAZER CRUZAMENTO DA AT PRIMEIRO CRUZAMENTO  APOS O PS 889575729  REDE COMPACTA REDE NOVA NAO CADASTRADA N GPS CHAVE 53251 FICOU ABERTA ISOLANDO DEFEITO (SERVICO DE EMERGENCIA)
492659;REFAZER PONTO DE ATERRAMENTO  TROCAR OS PROTETORES DE GLVS REFAZER OU TROCAR O ANTI BALANCO  E DESCOLAR CABOS OS CABOS CHAVE 10916 FICOU ABERTA,  [PS=621149013 V4X4=SIM  CESTO=SIM  LV=NAO  CHVAB=SIM  JUMPAB=SIM  RISCOACID=NAO  CONSDESLIG=SIM  AVARIANAREDE=SIM   TODAREDEINSP=SIM  FONTESUB=NAO]  PS=621149013,SUBSTITUIR ESPACADOR LOSANGULAR=1 PS=621149013,SUBSTITUIR/INSTALAR PROTETOR DE BUCHA/GLV=3  
492663;NDS PRA MANUTENSAO RETIRAR ARVORE DE GRANDE PORTE NO PS 798057162 E NO PS 798056053 E FAZER JAMPER NO PE DA CF 8324059274 FICOU ABERTA NO LOCAL E FICOU ABERTA A CF 8324004664,  [PS=798056053 V4X4=SIM  CESTO=SIM  LV=NAO  CHVAB=SIM  JUMPAB=NAO  RISCOACID=NAO  CONSDESLIG=SIM  AVARIANAREDE=SIM   TODAREDEINSP=SIM  FONTESUB=NAO]  PS=798056053,CORTAR ARVORE COM MOTOSSERRA=1 PS=798057162,PODAR ARVORE=1  
492665;FAVOR GERAR NDS PARA EMENDA DE CONDUTOR NO PS 567175334 E SIBSTITUIR ISOLADOR POSTE TBM DEVE SER EMULETADO SERVICO DEVE SER EXECUTADO POR EQUIPE COM CESTO AEREO POIS POSTE ESTA DANIFICADO,  [PS=567175334 V4X4=SIM  CESTO=SIM  LV=NAO  CHVAB=SIM  JUMPAB=NAO  RISCOACID=NAO  CONSDESLIG=SIM  AVARIANAREDE=SIM   TODAREDEINSP=NAO  FONTESUB=NAO]  PS=567175334,EMENDAR CONDUTOR(ES=1  
492666;NDS PARA TROCA DE POSTE B600 12M E EMENDA DE CONDUTOR CAA 4AWG TRANSFORMADOR PARECE INTACTO, POSTE SO DEGOLOU MAS NO LOCAL PASSA MAQUINARIO ,FAVOR TROCAR.LIVRE ACESSO.,  [PS=111972575 V4X4=NAO  CESTO=NAO  LV=NAO  CHVAB=SIM  JUMPAB=NAO  RISCOACID=NAO  CONSDESLIG=SIM  AVARIANAREDE=SIM   TODAREDEINSP=SIM  FONTESUB=NAO]  PS=1119725759,POSTE AVARIADO/ABALROADO (SUBSTITUIR=1 PS=1119725759,EMENDAR CONDUTOR(ES=1  [PS=1119725759,1-POSTE DUPLO T B/600/12.0 M  ]
492669;REFAZER JAMPER DE ENTRADA FASE A E B CF 832401244,  [PS=775117298 V4X4=NAO  CESTO=NAO  LV=NAO  CHVAB=SIM  JUMPAB=NAO  RISCOACID=NAO  CONSDESLIG=SIM  AVARIANAREDE=SIM   TODAREDEINSP=SIM  FONTESUB=NAO]  PS=775117298,REFAZER JUMPER=2  [PS=775117298,2-CABO DE ALUM. COBERTO 15KV 185MM  ]
492670;CABO ROMPIDO NO PS 775035269
492671;NDS PARA CESTO AEREO FAZER EMENDA NO CRUZAMENTO AEREO DZ BT DO TR A5841 NO PS 774972723,  [PS=774972588 V4X4=NAO  CESTO=SIM  LV=NAO  CHVAB=NAO  JUMPAB=NAO  RISCOACID=NAO  CONSDESLIG=SIM  AVARIANAREDE=SIM   TODAREDEINSP=NAO  FONTESUB=NAO]  PS=774972588,EMENDAR CONDUTOR(ES=3  
492674;TROCAR AS DUAS CHAVE DO TR L0384 CHAVE NO IMPROVISO TEC CHAVE MARTELINHO E TBM FAZER PODAS NO PS,  [PS=785176078 V4X4=NAO  CESTO=NAO  LV=NAO  CHVAB=NAO  JUMPAB=NAO  RISCOACID=NAO  CONSDESLIG=NAO  AVARIANAREDE=SIM   TODAREDEINSP=NAO  FONTESUB=NAO]  PS=785176078,SUBSTITUIR CHAVE UNIPOLAR=1  
492675;NECESARIO EMENDAR CONDUTOR CABO 3.09 DO PS 784078927 ATE O PS 784078918 NAO CHEGA VEICULO ATE O DEFEITO,TEM DUAS ARVORES GRANDE PARA RETIRAR VAO DE APROX 200 METROS EM MEIO AO PASTO,  [PS=784078927 V4X4=NAO  CESTO=NAO  LV=NAO  CHVAB=SIM  JUMPAB=NAO  RISCOACID=SIM  CONSDESLIG=SIM  AVARIANAREDE=SIM   TODAREDEINSP=NAO  FONTESUB=NAO]  PS=784078927,EMENDAR CONDUTOR(ES=2 PS=784078927,CORTAR ARVORE COM MOTOSSERRA=2 PS=784078927,PODAR ARVORE=2  [PS=784078927,20-FIO ACO ZINCADO 3.09 MM  ]
492676;GERAR NDS PARA PROGRAMAR DESLIGAMENTO DO CHAVE 08140 PARA PODAS COM CESTO AEREO ENTRE PS 612616208 E PS 612616273 ARVORE DE GRANDE PORTE SEM ACESSO AOS GALHOS DO CHAO...GALHOS ESTAO LONGES MAS SOBRE A REDE COM RISCO DE ALGUM DIA POR NATUREZA QUEBRAR E OCASIONAR ROMPIMENTOS DOS CABOS E QUEBRA DE POSTE GALHOS TAMBEM DE GRANDE PORTE,  [PS=612616273 V4X4=NAO  CESTO=SIM  LV=NAO  CHVAB=NAO  JUMPAB=NAO  RISCOACID=NAO  CONSDESLIG=NAO  AVARIANAREDE=NAO   TODAREDEINSP=SIM  FONTESUB=NAO]  PS=612616208,PODAR ARVORE=2  
492679;SUBSTITUIR CHAVE FUSIVEL, NAO CHAVE 09652 , CHAVE 34,  [PS=599588570 V4X4=NAO  CESTO=SIM  LV=SIM  CHVAB=NAO  JUMPAB=NAO  RISCOACID=NAO  CONSDESLIG=SIM  AVARIANAREDE=SIM   TODAREDEINSP=SIM  FONTESUB=NAO]  PS=599588570,SUBSTITUIR PORTA FUSIVEL=1  [PS=599588570,1-CHAVE FUSIVEL C -  POLIMERICA 27KV 300A  ]
492681;NDS PARA EMENDA DE CONDUTOR  DE AT POR CIMA DE LAGOA FACIL ACESSO DEPOIS DA PONTE A DIREITA ANALISAR USO DE STAI TEMPORARIO RETENSIONAR DEMAIS CONDUTORES,,  [PS=949655573 V4X4=NAO  CESTO=NAO  LV=NAO  CHVAB=SIM  JUMPAB=NAO  RISCOACID=NAO  CONSDESLIG=SIM  AVARIANAREDE=SIM   TODAREDEINSP=SIM  FONTESUB=NAO]  PS=949655573,EMENDAR CONDUTOR(ES=1  
492682;,  [PS=615180572  V4X4=NAO  CESTO=NAO  CHVAB=SIM  JUMPAB=NAO  LV=NAO  CONSDESLIG=SIM  RISCOACID=NAO  AVARIANAREDE=NAO  TODAREDEINSP=SIM  FONTESUB=NAO]  PS=615180572,POSTE AVARIADO/ABALROADO (SUBSTITUIR=1 PS=615180571,FAZER ROCADA=1 PS=615180571,RETENSIONAR CONDUTOR=1 PS=615180571,TRANSFORMADOR AVARIADO=1  
492684;JP ROMPIDO NO CABO 2/0 DO TIA JOANA, PRIXIMO A CHAVE 8639 (CHAVE REFERENCIA NO AL CEGONHA PS 722137824 QUE NAO APARECE NO MAPA, MAS O CA938 CONSEGUIU LOCALIZAR.
492685;,  [PS=615180572 V4X4=NAO  CESTO=NAO  LV=NAO  CHVAB=SIM  JUMPAB=NAO  RISCOACID=NAO  CONSDESLIG=SIM  AVARIANAREDE=NAO   TODAREDEINSP=SIM  FONTESUB=NAO]  PS=615180572,POSTE AVARIADO/ABALROADO (SUBSTITUIR=1 PS=615180571,FAZER ROCADA=1 PS=615180571,RETENSIONAR CONDUTOR=1 PS=615180571,TRANSFORMADOR AVARIADO=1  
492686;CRZETAS QUEBRADAS PS 910387816, PS 797172462, PS 910387833. UMA ESTRUTURA METALICA CAIU SOBRE A REDE. LEVAR EMENDAS DE CABO 2.0 CAA. ACESSO PELA LAVOURA. E O OUTRO PONTO PS 774957918, NO MEIO DA LAVOURA POSTE CAINDO E CABOS FORA DO ISOLADOR. BOM ACESSO TAMBEM.,  [PS=910387833 V4X4=SIM  CESTO=NAO  LV=NAO  CHVAB=SIM  JUMPAB=NAO  RISCOACID=NAO  CONSDESLIG=SIM  AVARIANAREDE=SIM   TODAREDEINSP=SIM  FONTESUB=NAO]  PS=910387833,SUBSTITUIR CRUZETA(S=4 PS=910387833,SUBSTITUIR ISOLADORES=1  [PS=910387833,4-CRUZETA POSTE CONCRETO L=2000MM  PS=910387833,1-ISOL PILAR PORCELANA 35 KV  ]
492688;FAVOR GERAR NDS PARA MANUTENCAO TENTAR PODAR PINHEIRO TA ENTRE OS CABO DE AT NO PS627143409 FOI TENTADO PODAR MAS VARA NAO ALCANSA CHAVE 23080 NAO ACEITA POR ESE MOTIVO ,,,TEM 2 CONSUMIDOR NA REDE LOCAL DE DIFICIO ACESSO CHAVE FICOU ABERTA,  [PS=627143409 V4X4=SIM  CESTO=NAO  LV=NAO  CHVAB=SIM  JUMPAB=NAO  RISCOACID=NAO  CONSDESLIG=SIM  AVARIANAREDE=NAO   TODAREDEINSP=SIM  FONTESUB=NAO]  PS=627143409,PODAR ARVORE=2  [PS=627143409,1-ISOLADOR PINO V-13.8KV  ]
492689;REFAZER CRUZAMENTO NO PS 783633273 LOCAL DE FACIL ACESSO CHAVE 8324017982 FICOU ABERTASERVICO: 50523522
492690;CABO ROMPIDO P.S 18217 - CABO ROMPIDO P.S 18217
492691;GERAR PARA CESTO AEREO VIR RETIRAR FOLHA DE ZINCO NO POSTE, ESTA PENDURADO, EQUIPE DESLIGOU RAMAL AEREO NA REDE. PS 572149038. PROXIMO DO TR 83240D2855.,  [PS=572149038 V4X4=NAO  CESTO=NAO  LV=NAO  CHVAB=NAO  JUMPAB=NAO  RISCOACID=NAO  CONSDESLIG=SIM  AVARIANAREDE=NAO   TODAREDEINSP=NAO  FONTESUB=NAO]  PS=572149038,RETIRAR OBJETOS ESTRANHOS NA RD=6  
492692;CRZETAS QUEBRADAS PS 910387816, PS 797172462, PS 910387833. UMA ESTRUTURA METALICA CAIU SOBRE A REDE. LEVAR EMENDAS DE CABO 2.0 CAA. ACESSO PELA LAVOURA. E O OUTRO PONTO PS 774957918, NO MEIO DA LAVOURA POSTE CAINDO E CABOS FORA DO ISOLADOR. BOM ACESSO TAMBEM.
492693;SERVICO: 50524132 - DOIS PINHEIROS CAIRAM NA REDE QUEBROU 2 POSTE CRUZETA ISOLADORES CABOS DE ALTA E BT ROMPIDOS CRUZAMENTO AEREO ABERTO CRUZAMENTO AEREO 784457716
492694;GERAR NDS PARA A LINHA VIVA FAZER UM CORTE NA AT ENTRE O PS 619145335 E A CHAVE 8321600079, MATERIAL 3 ISOLADOR BASTAO 13.8 PILIMERICO 6 ALCA CABO CAA4AWG 6 SAPATILHA. OBSS. DUVIDAS FALAR COM O TECNICO ANDERSON,  [PS=619145335 V4X4=NAO  CESTO=SIM  LV=SIM  CHVAB=NAO  JUMPAB=NAO  RISCOACID=NAO  CONSDESLIG=NAO  AVARIANAREDE=SIM   TODAREDEINSP=SIM  FONTESUB=NAO]  PS=619145468,REPARAR CONDUTOR (TENTOS ROMPENDO=1  [PS=619145468,3-ISOL BASTAO POLIMERICO 15KV  ]
492695;FAVOR GERAR NDS PARA TROCA DE 2 POSTE 1 QUEBRADO 943638397 E 1 TORCEU 943638400 E JA ESTA MOLETADO DIFICIL ACESSO SE POSSIVEL TRAZER 2 DE FIBRA E SE PRECIZAR DE TRATOR OS VISINHOS ESTAO CIENTE PARA AJUDAR PS 943638406 ESTA COM CABO FORA DO ISOLADOR CR 11267 ABERTA,  [PS=943638397 V4X4=SIM  CESTO=NAO  LV=NAO  CHVAB=SIM  JUMPAB=NAO  RISCOACID=NAO  CONSDESLIG=SIM  AVARIANAREDE=SIM   TODAREDEINSP=SIM  FONTESUB=NAO]  PS=943638397,POSTE AVARIADO/ABALROADO (SUBSTITUIR=2  [PS=943638397,2-POSTE DUPLO T B/300/12,0M  ]
492696;SERVICO     :  50523950NDS PARA EQUIPE DE MANUTECAO FAZER EMENDA DE CABOS DE AT ROMPIDOS NO ALIMENTADOR GERANIO, CABO ROMPIDO NO PS DA CHAVE 19101, TRECHO FICOU ISOLADO ABERTO A CHAVE 8324005230  CHAVE 5282 E ABERTO UM JAMPER NO PS 947490960, CABOS ROMPIDOS EM TRAVESIA DE RIO, ACESSO REGULAR .
492698;FAVOR TROCAR POSTE B600 DE 12 NO PS 596886845  E TBM TROCAR 1 CRUZETA Q ESTA QUEBRADO ALEM DISSO ENTRE OS PS  596886755 ATE PS 596887180 TEM VARIOS CABOS FORA DO ISOLADO  CHAVES ABERTA NO TRECHO 8918087939 ABERTA E ABERTA OUTRA BM PROXIMO AO TR L2929 (8918086988 ESSA CHAVE AI N ESTA PINTADA NO POSTE NUMERO DELA TRASER 1 CRUZETA E 1 PARA RAIO DA 34
492701;FAVOR PASSAR PARA MANUTENCAO FAZER A TROCA DO PS 626972437 E ENMENDAR CONDUTORES BOM QCESSO CAMINHAO CHEGA AO PE DO POSTE,  [PS=626972437 V4X4=SIM  CESTO=NAO  LV=NAO  CHVAB=SIM  JUMPAB=NAO  RISCOACID=NAO  CONSDESLIG=SIM  AVARIANAREDE=SIM   TODAREDEINSP=NAO  FONTESUB=NAO]  PS=626972437,POSTE AVARIADO/ABALROADO (SUBSTITUIR=1 PS=626972437,EMENDAR CONDUTOR(ES=1  [PS=626972437,1-POSTE DUPLO T B/600/12.0 M  PS=626972437,1-CABO AL NU 4 CA AWG - SEM ALMA  ]
492702;FAZER EMENDA DE 3 CABOS DE MT ENTRE O PS DO RA 6519 E DO TR QUE ALIMENTA O MESMO- LEVAR LUVAS E CABOS 4CAA
492706;FAZER A TROCA DO POSTE QUEBRADO TROCA DE CRUZETA E ISOLADOR NO PS 773435578 TRASER MAO FRANCESA 2  PARA FUSOS 125  300  250,  [PS=773435578 V4X4=SIM  CESTO=NAO  LV=NAO  CHVAB=SIM  JUMPAB=NAO  RISCOACID=NAO  CONSDESLIG=SIM  AVARIANAREDE=NAO   TODAREDEINSP=SIM  FONTESUB=NAO]  PS=773435578,SUBSTITUIR ISOLADORES=3 PS=773435578,REFAZER CONEXAO NA REDE=1 PS=773435578,SUBSTITUIR MAO FRANCESA=2 PS=773435578,SUBSTITUIR CRUZETA(S=1 PS=773435578,TRANSFORMADOR AVARIADO=01 PS=773435578,POSTE AVARIADO/ABALROADO (SUBSTITUIR=01 PS=773435578,RECOLHER GALHOS DE  [PS=773435578,1-CRUZETA DE CONCRETO TIPO  T   PS=773435578,1-POSTE DUPLO T B/300/10.5M  PS=773435578,3-ISOLADOR PINO V-13.8KV  ]
492707;GERADO NDS PADA IMENDA DE CABO 3,09MM E FAZER ROCADA GRANDE , JUMPER DA DERIVACAO DO CABO FICOU ABERTA ACESSO PELA LAVOURA CHAVE FICOU FECHADA,  [PS=615158036 V4X4=SIM  CESTO=NAO  LV=NAO  CHVAB=NAO  JUMPAB=SIM  RISCOACID=NAO  CONSDESLIG=SIM  AVARIANAREDE=SIM   TODAREDEINSP=SIM  FONTESUB=SIM]  PS=615158036,FAZER ROCADA=1 PS=615158036,EMENDAR CONDUTOR(ES=1 PS=615158036,APRUMAR POSTE=0 PS=615158036,TRANSFORMADOR COM VAZAMENTO=0  [PS=615158036,1-FIO ACO ZINCADO 3.09 MM  PS=615158036,1-ISOL BASTAO POLIMERICO 34KV  ]
492708;CABO ROMPIDO NO PS 949190486 ATE O  CF 1827FICOU ABERTA A LA 6744   E FECHADO AO COMTRARIO ATE O RA 7077 SOMENTE ESTAS MANOBRAS FORAO FEITAS  FOMOS A OUTROS RA ABERTO.JAC 19 FECHADA ATE A 6744.TRAZWR EMENDA DE CA 4 LIVRE ACESSO.,  [PS=949190492 V4X4=SIM  CESTO=NAO  LV=NAO  CHVAB=SIM  JUMPAB=NAO  RISCOACID=NAO  CONSDESLIG=SIM  AVARIANAREDE=SIM   TODAREDEINSP=SIM  FONTESUB=NAO]  PS=949190492,EMENDAR CONDUTOR(ES=1  [PS=949190492,1-CABO  AL NU CAA  4 AWG - COM ALMA  ]
492710;RECOLOCAR CABOS NO PS 577340327 SER VIM COM CAMINHA MUCK E MELHOR ANGULO FORTE (SERVICO DE EMERGENCIA)CONFIRMADA GERACAO NDS COM OPERACAO
492711;APRUMAR POSTES CHAVE FICOU FECHADA BOM ACESSO BEIRA DA ESRADA,  [PS=616072258 V4X4=SIM  CESTO=NAO  LV=NAO  CHVAB=NAO  JUMPAB=NAO  RISCOACID=SIM  CONSDESLIG=NAO  AVARIANAREDE=SIM   TODAREDEINSP=SIM  FONTESUB=SIM]  PS=616072258,APRUMAR POSTE=5 PS=616072258,PODAR ARVORE=0 PS=616072258,TRANSFORMADOR COM VAZAMENTO=0 PS=616072258,EMENDAR CONDUTOR(ES=0  
492712;MANUTRNCAO REFAZER CABOS DO RA-6519 NO LOCAL AS 3 FAZES QUE SAI DO RA ESTAO RONPIDAS, ENCERRAR INTERROPCAO, PERCORRIDO TODO TREXO ATE ONDE CONSEGUIMOS (SERVICO DE EMERGENCIA)   
492713;FAVOR GERAR NDS PARA EMENDAR CONDUTOR DE AT 4 AWG ROMPIDO NO PS 1111020744 ARVORE CAIU EM CIMA DA REDE ROMPEU OS 2 CABO TRAZER 15 METRO DE CABO 4 CHAVE 69923 FICOU ABERTA ,,LOCAL DE BOM ACESSO,  [PS=111102074 V4X4=SIM  CESTO=NAO  LV=NAO  CHVAB=SIM  JUMPAB=NAO  RISCOACID=NAO  CONSDESLIG=SIM  AVARIANAREDE=NAO   TODAREDEINSP=SIM  FONTESUB=NAO]  PS=1111020744,EMENDAR CONDUTOR(ES=2  [PS=1111020744,2-CABO  AL NU CAA  4 AWG - COM ALMA  ]
492716;TROCAR CHAVE SU 83216SP031 FASE B, TORRADA NO PS 619477105,  [PS=619477105 V4X4=NAO  CESTO=SIM  LV=SIM  CHVAB=NAO  JUMPAB=NAO  RISCOACID=NAO  CONSDESLIG=SIM  AVARIANAREDE=SIM   TODAREDEINSP=SIM  FONTESUB=NAO]  PS=619477105,APRUMAR POSTE=1  [PS=619477105,1-SECCIONADORA DE FACA UNIP 15KV 630A  ]
492718;FAVOR GERAR SERVICO PARA MANUTENCAO IMENDAR CABO 4 AWG NOS PS 786800748 E PS786805618 E PLUMAR POSTE BEIRA DE ESTRADA QUE ESTA QUASE CAINDO ACESSO RUIM NO MATO ATRAVESSIA DE RIO RA JAL58 FICOU ABERTO ENTRADA E SAIDA E CHAVE 30498 ELA E ABERTA NORMAL SO PASSA E SINALIZAR ELA,  [PS=786800748 V4X4=NAO  CESTO=NAO  LV=NAO  CHVAB=SIM  JUMPAB=NAO  RISCOACID=NAO  CONSDESLIG=SIM  AVARIANAREDE=SIM   TODAREDEINSP=SIM  FONTESUB=NAO]  PS=786800748,EMENDAR CONDUTOR(ES=3  
492719;MANUTENCAO EMENDAR CABO 4 AWG - PS 786800748 E PS786805618 E APRUMAR POSTE BEIRA DE ESTRADA QUE ESTA QUASE CAINDO ACESSO RUIM NO MATO ATRAVESSIA DE RIO RA JAL58 FICOU ABERTO ENTRADA E SAIDA E CHAVE 30498 ELA E ABERTA NORMAL SO PASSA E SINALIZAR ELA,  [PS=786800748 V4X4=NAO  CESTO=NAO  LV=NAO  CHVAB=SIM  JUMPAB=NAO  RISCOACID=NAO  CONSDESLIG=SIM  AVARIANAREDE=SIM   TODAREDEINSP=SIM  FONTESUB=NAO]  PS=786800748,EMENDAR CONDUTOR(ES=3  
492720;NOC 50522892 - GERADO NDS PARA TROCA DE PS 621291184 E REFAZER BT  NECESSARIO TRAZER 100 METROS DE CABO AWG - CF 8918058716
492721;FAVOR GERAR NDS PARA EMENDAR CONDUTOR DE AT 4 AWG ROMPIDO NO PS 1111020744 ARVORE CAIU EM CIMA DA REDE ROMPEU OS 2 CABO TRAZER 15 METRO DE CABO 4 CHAVE 69923 FICOU ABERTA ,,LOCAL DE BOM ACESSO,  [PS=1111020744  V4X4=SIM  CESTO=NAO  CHVAB=SIM  JUMPAB=NAO  LV=NAO  CONSDESLIG=SIM  RISCOACID=NAO  AVARIANAREDE=NAO  TODAREDEINSP=SIM  FONTESUB=NAO]  PS=1111020744,EMENDAR CONDUTOR(ES=2  [PS=1111020744,2-CABO  AL NU CAA  4 AWG - COM ALMA  ]
492722;GERADANDS PARA SUBSTITUICAO DEPOSTE AROVRE SOBRR A REDE, ACESSO LIMITADO PELA ESTRADA. FICOU ABERTO O RA 8628800931E A CHAVE 09143,,  [PS=825931458 V4X4=SIM  CESTO=NAO  LV=NAO  CHVAB=SIM  JUMPAB=NAO  RISCOACID=NAO  CONSDESLIG=SIM  AVARIANAREDE=SIM   TODAREDEINSP=SIM  FONTESUB=NAO]  PS=825931458,POSTE AVARIADO/ABALROADO (SUBSTITUIR=1  [PS=825931458,1-POSTE DUPLO T B/300/12,0M  ]
492724;COMPLEMENTAR A PEDIDO DA MANUTENCAO CABO ROMPIDO NO PS 775035269
492725;FAVOR GERAR SERVICO PARA TROCA DA CHAVE 5719 FASE( A COM PROBREMAS PARA FECHAMENTO DAS CHAVE , ESTA SO MENTE UM FECHADA , LOCAL DE FASIL ACESSO,  [PS=620903521 V4X4=NAO  CESTO=NAO  LV=NAO  CHVAB=NAO  JUMPAB=NAO  RISCOACID=SIM  CONSDESLIG=NAO  AVARIANAREDE=SIM   TODAREDEINSP=SIM  FONTESUB=NAO]  PS=620903521,SUBSTITUIR CHAVE TRIPOLAR=1  [PS=620903521,1-CHAVE FUS REP P/2OPER. 33KV 50A  ]
492726;GERAR NDS PARA EMENDA DE CABO DE BT APARTIR DO TR C1135 ATE O PS 794025075... VAO DE 150 METROS FAZER ROCADA E CORTE DE ARVORE BT TEM ROMPIDO FREQUENTEMENTE ... JUMPER ABERTO ENTRE O TR E O PS MARCADOS... BT ESTA DESATIVADA DO TR ATE O PS 794025077 NAO PRECISA REFAZER O JUMPER DA MESMA... APENAS UM CONSUMIDOR DESLIGADO... CHUVA NO LOCAL SEM FOTOS... LOCAL DE DIFICL ACESSO...,  [PS=794025077 V4X4=SIM  CESTO=NAO  LV=NAO  CHVAB=NAO  JUMPAB=NAO  RISCOACID=NAO  CONSDESLIG=SIM  AVARIANAREDE=SIM   TODAREDEINSP=SIM  FONTESUB=NAO]  PS=612436244,EMENDAR CONDUTOR(ES=1  
492727;REGAR NDS PARA REFAZER CRUZAMENTO E EMENDAR CABOS.OBSS. TEMCQUE MANOBRAR ALI MARAM,  [PS=626104301 V4X4=NAO  CESTO=SIM  LV=NAO  CHVAB=SIM  JUMPAB=SIM  RISCOACID=NAO  CONSDESLIG=SIM  AVARIANAREDE=SIM   TODAREDEINSP=SIM  FONTESUB=NAO]  PS=626105620,REFAZER CRUZAMENTO AEREO=1 PS=620319388,EMENDAR CONDUTOR(ES=2  
492728;CRUZETA SE SOLTOU VINDO A ROMPER FAZE DE REDE COMPACTA E DANIFICAR CHAVE SERA NECESSARIO TROCAR CHAVE E EMENDAR CONDUTOR XLP DE COBRE PS567556573 TR P7033 TRAZER TERMINAL COBRE 16MM. DEFEITO ANTES DO PONTO DE ENTREGA, SERVICO A SER REALIZADO POR EQUIPE COPEL [PS=567556573 V4X4=NAO  CESTO=SIM  LV=NAO  CHVAB=SIM  JUMPAB=NAO  RISCOACID=SIM  CONSDESLIG=SIM  AVARIANAREDE=SIM   TODAREDEINSP=SIM  FONTESUB=NAO]  PS=567556573,SUBSTITUIR CHAVE UNIPOLAR=1  
492729;GERA NDS PARA INMENDA CABO E REFAZER CRUZAMENTO AERIO  NO CRUZAMENTO559960045 VIM COM CAMINHAO COM CESTO AERIO ,CESTO DA AGENCIA NAO ALCANCA ,MANOBRADO REDE E ISOLADO DEFEITO TRAZER  INMENDA PRA CABO 2 (SERVICO DE EMERGENCIA)
492730;FDVOR GERAR NDS SUBSTITUICAO DE POSTE NO PS 630468674, POSTE ABALROADO , POSTR B300 12M POSTE DENTRO DE RESIDENCIA , FOTOS ENVIADAS NO GRUPO (SERVICO DE EMERGENCIA)
492731;FAVOR GERAR NDS PRA EQUIPE DE MANUTENCAO FAZER A TROCA DO POSTE QUEBRADO 771321560 TRONCO DO RA CRI07 , PRA ISOLAR DEFEITO FICOU ABERTA A CHAVE 8324007545 E 8324007544  , SOBRE ACESSO ,POSTE FICA NO MEIO DA LAVOURA ONDE TEM QUE ENTRAR COM O CAMINHAO DEVIDO CHUVA NAO E POSSIVEL TER CERTEZA QUE CAMINHAO CHEGUE NO SERVICO , POR PRECAUCAO TRAZER TAMBEM UM POSTE DE FIBRA,  [PS=771321560 V4X4=SIM  CESTO=NAO  LV=NAO  CHVAB=SIM  JUMPAB=NAO  RISCOACID=NAO  CONSDESLIG=SIM  AVARIANAREDE=SIM   TODAREDEINSP=NAO  FONTESUB=SIM]  PS=771321560,POSTE AVARIADO/ABALROADO (SUBSTITUIR=1  [PS=771321560,1-POSTE DUPLO T B/300/10.5M  ]
492732;SUBSTITUIR  GLV E ESTRIBOS - JUMPERS CONECTRADO NO CABO   
492733;FAVOR GERAR NDS PRA EMENDA DE CABOS ISOLADOS DO PS 608078365 AO PS 608078925 CAIU PINUS SOBRE A RD QUEBRANDO CRUZETAS E ROMPENDO CABOS AT FICOU ABERTA A SU 8628871414 E A SU 8628871413 TRASER DUAS CRUZETAS 1 POSTE ENTORTOU BASTANTE VAI DO CRITERIO MANUTENCAO SE TRAS 1 OU NAO O MESMO NAO CHEGOU A QUEBRAR. ACESSO BOM CABOS ESTAO NO MEIO DA ESTRADA, NO PS 608075797 TERA QUE REFASER AMARRACAO,  [PS=608078365 V4X4=SIM  CESTO=SIM  LV=NAO  CHVAB=SIM  JUMPAB=NAO  RISCOACID=NAO  CONSDESLIG=SIM  AVARIANAREDE=SIM   TODAREDEINSP=SIM  FONTESUB=NAO]  PS=608078365,EMENDAR CONDUTOR(ES=05 PS=608078925,APRUMAR POSTE=01 PS=608078925,CORTAR ARVORE COM MOTOSSERRA=01 PS=608078925,TRANSFORMADOR COM VAZAMENTO=01  
492735;POSTE QUEBRADO PS 774188355 ARVORE DE GRANDE PORTE ENCIMA DA REDE NO PS 626917732 FICOU JUMPER ABERTO NO PS 774188309 FOI MUDADO A DERIVACAO DO TR L1323 PARA PS ANTERIOR AI FICOU ENERGIZADO TAMBEM O TR 47590 FECHADO A CHAVVE 06906 AS 15,14 HRS ACESSO NO MEIO DA LAVOU RA COM MIHHO PLANTADO E LOCAL INGRIDI, PROVAVEL COLOCAR POSTE DE FIBRA LEVAR O POSTE E UM ISOLADOR PILAR DA 34,  [PS=774188355 V4X4=SIM  CESTO=NAO  LV=NAO  CHVAB=NAO  JUMPAB=SIM  RISCOACID=NAO  CONSDESLIG=SIM  AVARIANAREDE=SIM   TODAREDEINSP=SIM  FONTESUB=NAO]  PS=774188355,POSTE AVARIADO/ABALROADO (SUBSTITUIR=1  [PS=774188355,1-POSTE DUPLO T B/300/12,0M  PS=774188355,1-ISOL PILAR PORCELANA 35 KV  ]
492736;FAVOR GERAR NDS PARA SUBSTITUIR POSTE 798044932 QUEBRADO DE MADEIRA TR 43122 FICOU ABERTO CHAVE 72263 FICOU FECHADA LOCAL DE BOM ACESSO CLIENTE ORIENTADO COMPRA PADRAO .,  [PS=798044932 V4X4=SIM  CESTO=NAO  LV=NAO  CHVAB=NAO  JUMPAB=NAO  RISCOACID=NAO  CONSDESLIG=SIM  AVARIANAREDE=NAO   TODAREDEINSP=NAO  FONTESUB=NAO]  PS=798044932,POSTE AVARIADO/ABALROADO (SUBSTITUIR=1  [PS=798044932,1-POSTE DUPLO T B/300/12,0M  ]
492737;CABO ROMPIDO - 947003045
492739;FAVOR GERAR NDS PRA LINHA VIVA REFAZER CONEXAO NO PE DA CHAVE DO LADO DA SAIDA ROMPEU CABO NO PE DO TERMINAL DA CHAVE REDE COMPACTA SEM PONTO DE ATERRAMENTO NO POSTE ONTE SERRA EXECUTADO SERVICO NAO TEM  COMO CONFINAR REDE 13.8 LOCAL DE BOM ACESSO BEIRRA DA RUA,  [PS=849483455 V4X4=NAO  CESTO=SIM  LV=SIM  CHVAB=SIM  JUMPAB=NAO  RISCOACID=NAO  CONSDESLIG=SIM  AVARIANAREDE=SIM   TODAREDEINSP=SIM  FONTESUB=NAO]  PS=849483455,REFAZER JUMPER=1  
492740;FAVOR  GERA NDS PARA DUAS EQUIPES DE MANUTENCAO ENMENDAR  VAO GRANDE  NA AHTE  CABO CAA 2.0 AWG     ENTRE OS PS 627020414 ATE 627020428  ACESSO RUIM  ABERTO SAIDA DO RA008 O MESMO ESTA FECHADO NO LOCAL POIS NAO ACEITA COMANDO DE ABERTURA  NO COMANDO MANUAL E NEM NA TRAVA MECANICA,  [PS=627020414 V4X4=SIM  CESTO=NAO  LV=NAO  CHVAB=SIM  JUMPAB=NAO  RISCOACID=NAO  CONSDESLIG=SIM  AVARIANAREDE=SIM   TODAREDEINSP=SIM  FONTESUB=NAO]  PS=627020414,EMENDAR CONDUTOR(ES=10  [PS=627020414,1-CABO  AL NU CAA 2/0 AWG - COM ALMA  ]
492741;GERADO NDS PARA EMENDAR CONDUTOR DE BT NO PS 775826207,TR A4308 FICOU ABERTO,BOM DE ACESSO.,  [PS=775826207 V4X4=SIM  CESTO=NAO  LV=NAO  CHVAB=NAO  JUMPAB=NAO  RISCOACID=NAO  CONSDESLIG=SIM  AVARIANAREDE=SIM   TODAREDEINSP=SIM  FONTESUB=NAO]  PS=775826207,EMENDAR CONDUTOR(ES=4  [PS=775826207,4-CABO  AL NU CAA 2/0 AWG - COM ALMA  ]
492742;TROCAR CHAVE SU-8918003897  ARRENBENTOU NO TERMINAL VAI TENQUE REFAZER OS DOIS LADO E TROCA UM ISOLADOR CABO 150MM E O OUTRO LADO ESTA TORRADO UM LADO DO TERMINAL
492743;CABO ROMPIDO - PS 795294668  V4X4=SIM  CESTO=NAO  LV=NAO  CHVAB=SIM  JUMPAB=NAO  RISCOACID=SIM  CONSDESLIG=SIM  AVARIANAREDE=SIM   AGUARDANNDO INFORMACOES  
492744;CABO 4/0 ROMPIDO - VAO LONGO - PS 796059060
492746;NDS PARA REFAZER JUMPER NO TR D2876, JUMPER DE ALTA BEM PROXIMO A REDE NAO TEM DISTANCIA DE SEGURANCA ABRIR A CHAVE DE ALTA OU FAZER COM CESTO AEREO OU LINHA VIVA (SERVICO DE EMERGENCIA)
492747;ATENCAO - 07 CONSUMIDORES DESLIGADOS. REDE MANOBRADAFAVOR GERAR NDS PRA EMENDA DE CONDUTOR NO PS 774046251, E REPOSICIONAR CABOS EM OUTROS PS PROXIMOS, TAZER 10MTR CABO 2 COM ALMA PROTEGIDO E EMENDAS DA BITOLA, RETIRAR BITOLA INFERIOR NA EMENDA, ABERTA SU 8628872096 ABERTO E JUMPER NO PS 774048964, LOCAL COM BOM ACESSO (SERVICO DE EMERGENCIA)
492748;GERAR NDS SUBSTITUIR 3 PS 1 PS COM ACESSO E 2 TERA QUE SER DE FIBRA, TRAZER ESTRUTURA CONPLETA PARA OS 3 PS, FICOU RA 18421 BLOQUEADO, ABERTO SAIDA, SU 10837 ABERTA E RA031 ABERTO ENTRADA E BLOQUEADO NO LOCAL, PS COM DEFEITO 951065028, 951065574 E 951065031, TRAZER POR PREVENCAO UNS 25 MT CABO CAA 2 0, PS 951065574 TEM UMA DERIVACAO NO MESMO,   PS=951065031,EMENDAR CONDUTOR(ES=3 PS=951065031,POSTE AVARIADO/ABALROADO (SUBSTITUIR=3  [PS=951065031,1-POSTE DUPLO T B/600/12.0 M  PS=951065031,2-POSTE,FIBRA VIDRO F/600/12,0M CIRC/QUAD  PS=951065031,3-CABO  AL NU CAA 2/0 AWG - COM ALMA  ]
492749;REFAZER CONEXAO SPLIT BOLT GLV CONECTADO DIRETO NA REDE TR NOVO NAO ESTA NO GPS PS DO TR 618559840,  [PS=618559840 V4X4=NAO  CESTO=SIM  LV=SIM  CHVAB=NAO  JUMPAB=NAO  RISCOACID=NAO  CONSDESLIG=NAO  AVARIANAREDE=SIM   TODAREDEINSP=SIM  FONTESUB=NAO]  PS=618559840,REFAZER CONEXAO NA REDE=1 PS=618559840,SUBSTITUIR/INSTALAR PROTETOR DE BUCHA/GLV=1  
492750;ABERTA CHAVE 18839 18036 18028 AL MURERE - PS 594743805 N4 ASTAI FORA NO PS 791446181 N1 SPCF CABO ROMPIDO NO ESTRIBO NO PS 594743672 PRIMEIRO NIV3L N1 AL PEROLA ESTA ENERGIZADO NESCESSARIO DESLIGAR ESTA ENERGIZADO E SEGUNDO NIVEL N1PR AL MURERE NESCESSARIO DESLIGAR PRIMEIRO NIVEL AL PEROLA  ACESSO BOM ATENCAO AO PRIMEIRO NIVEL LIGADO.POSTE QUEBRADO TROCAR [PS=594743664 V4X4=NAO  CESTO=NAO  LV=NAO  CHVAB=SIM  JUMPAB=NAO  RISCOACID=SIM  CONSDESLIG=SIM  AVARIANAREDE=SIM   TODAREDEINSP=SIM  FONTESUB=SIM]  PS=594743664,POSTE AVARIADO/ABALROADO (SUBSTITUIR=1 PS=594743664,CORTAR ARVORE COM MOTOSSERRA=1  [PS=594743664,1-CRUZETA POSTE CONCRETO L=2000MM  PS=594743664,1-POSTE DUPLO T B/600/12.0 M  ]
492751;GERAR NDS PASSAR MANUTENCAO IMENDA DE CABO NO PS 795294668 VAOS ROMPIDOS,NESSE ,MESMO PS ANALISAR POSSIVEL ESTAIAMENTO PARA ACESSAR POSTE TODO RACHANDO E TRINCADO  ACESSO BOM BEIRA DA VIA,  [PS=795294668 V4X4=NAO  CESTO=NAO  LV=NAO  CHVAB=SIM  JUMPAB=NAO  RISCOACID=NAO  CONSDESLIG=SIM  AVARIANAREDE=SIM   TODAREDEINSP=NAO  FONTESUB=NAO]  PS=795294668,EMENDAR CONDUTOR(ES=1 SE POSSIVEL, SUBSTITUIR PS 7952294668 
492753;CONDUTOR DE BT ROMPIDO NECESSARIO CESTO AEREO,  [PS=619617273  V4X4=NAO  CESTO=SIM  CHVAB=SIM  JUMPAB=NAO  LV=NAO  CONSDESLIG=SIM  RISCOACID=NAO  AVARIANAREDE=SIM  TODAREDEINSP=SIM  FONTESUB=NAO]  PS=619617273,EMENDAR CONDUTOR(ES=1  
492754;FAVOR GERAR NDS PARA EMENDA DE CONDUTOR NO PS 627284640,CABO ROMPEU EM DOIS VAOS LOCAL DE BOM ACESSO. +++++ATENCAO+++++ FICOU ABERTA A CHAVE 06509 ABERTO GLV DE ENTRADA E FICOU  FECHADA A CHAVE 06581.,  [PS=627284640 V4X4=SIM  CESTO=NAO  LV=NAO  CHVAB=SIM  JUMPAB=NAO  RISCOACID=SIM  CONSDESLIG=SIM  AVARIANAREDE=SIM   TODAREDEINSP=SIM  FONTESUB=NAO]  PS=627284640,EMENDAR CONDUTOR(ES=1  
492755;FAVOR GERAR NDS PARA EMENDA DE CONDUTOR E RETENSIONAMENTO NO PS 569354388 NECESSARIO TRAZER BASTAO DE ANCORAGEM E ALCA 4 CAA LOCAL DE DIFICIL ACESSO TRECHO ISOLADO ALI MELISSA AGENCIA FAZ,  [PS=569354388 V4X4=SIM  CESTO=NAO  LV=NAO  CHVAB=SIM  JUMPAB=NAO  RISCOACID=NAO  CONSDESLIG=SIM  AVARIANAREDE=SIM   TODAREDEINSP=SIM  FONTESUB=NAO]  PS=569354388,EMENDAR CONDUTOR(ES=1 PS=569354388,SUBSTITUIR ALCA DE ANCORAGEM=1  [PS=569354388,1-ISOL BASTAO PORCELANA 35 KV  ]
492756;CA230 - ISOLADOR - P.S 1102649698 + CABO FORA 577340327
492758;POSTE QUEBRADO, PS 627052643. ACESSO PELO POTREIRO. CONSUMIDOR TEM AVIARIO. UM (1 BOI MORTO DEVIDO AO CHOQUE.,  [PS=627052643 V4X4=NAO  CESTO=NAO  LV=NAO  CHVAB=NAO  JUMPAB=NAO  RISCOACID=NAO  CONSDESLIG=SIM  AVARIANAREDE=SIM   TODAREDEINSP=SIM  FONTESUB=NAO]  PS=627052643,POSTE AVARIADO/ABALROADO (SUBSTITUIR=1  [PS=627052643,1-POSTE DUPLO T B/300/12,0M  ]
492759;TR 48598 QUEIMADO O MESMO FICOU ABERTO SOMENTE ELE FOI FECHADO A CHAVE 92442 AS 17,23 HRS ACESSO NO MEIO DA LAVOURA NAO DA DISTANCIA DE SEGURANCAO PRECISA ABRIR A XHAVE APRO EITAR E PADRONIZAR A ESTRURURA RETIRAR DC E ESTALAR CF PR,  [PS=774191173 V4X4=SIM  CESTO=NAO  LV=NAO  CHVAB=NAO  JUMPAB=NAO  RISCOACID=NAO  CONSDESLIG=SIM  AVARIANAREDE=SIM   TODAREDEINSP=SIM  FONTESUB=NAO]  PS=774191173,TRANSFORMADO QUEIMADO=1  [PS=774191173,1-TRANSF. MONO. 33 KV     15 KVA  ]
492760;CABO ROMPIDO LA ABERTA 5747 ,,,PONTOS DOS DEFEITOS 949463892 E 949463915,,,,LOCAL DE DIFICIL ACESSO ,UM DO VAOS ROMPIDOS E  LONGO E ESTA SOBRE O EXPRESSSO SGF .,  [PS=949463915 V4X4=SIM  CESTO=NAO  LV=NAO  CHVAB=SIM  JUMPAB=NAO  RISCOACID=SIM  CONSDESLIG=SIM  AVARIANAREDE=SIM   TODAREDEINSP=SIM  FONTESUB=SIM]  PS=949463915,CORTAR ARVORE COM MOTOSSERRA=4 PS=949463915,EMENDAR CONDUTOR(ES=2  [PS=949463915,20-CABO  AL NU CAA  4 AWG - COM ALMA  ]
492761;TS 33321 FICOU ABERTA NO LOCAL, FOTOS NO GRUPO DA MANUTENCAO.WTS.ARVORE GRANDE PORTE CAIU SOBRE TR, NESCESSARIO TROCAR PS 789962260, REBAIXAR CRUZETA NO PS 615401366, REBAIXAR CRUZETA NO PS 615401363, REBAIXAR CRUZETA NO PS 615401362.,  [PS=789962260 V4X4=NAO  CESTO=NAO  LV=NAO  CHVAB=SIM  JUMPAB=NAO  RISCOACID=NAO  CONSDESLIG=SIM  AVARIANAREDE=SIM   TODAREDEINSP=SIM  FONTESUB=NAO]  PS=621548532,POSTE AVARIADO/ABALROADO (SUBSTITUIR=1 PS=621548532,TRANSFORMADOR AVARIADO=1  [PS=621548532,1-POSTE DUPLO T B/300/12,0M  PS=621548532,1-TRANSF. MONO. 13.2KV-254V 15 KVA  PS=621548532,4-ISOL BASTAO POLIMERICO 15KV  ]
492764;FAVOR GERAR NDS PARA SUBTITUIR TR L4301 34,5KV TRIFASICO, ONDE ESTA FALTANDO FASE NA SAIDA DAS BUCHAS, E NA BUCHA PRIMARIA COM VAZAMENTO, FEITO TESTE A VAZIO E TR ESTA COM RUIDO ALTO, TODOS DESLIGADOS PARA A SUBSTITUICAO DO MESMO, FACIL ACESSO NO LOCAL.,  [PS=622274883 V4X4=SIM  CESTO=NAO  LV=NAO  CHVAB=SIM  JUMPAB=NAO  RISCOACID=SIM  CONSDESLIG=SIM  AVARIANAREDE=SIM   TODAREDEINSP=SIM  FONTESUB=NAO]  PS=622274883,TRANSFORMADOR AVARIADO=1  [PS=622274883,1-TRANSF TRIF 33 KV 112,5 KVA  ]
492766;AVOR GERAR NDS PARA LINHA VIVA AMARRAR CABO FORA DO ISOLADOR NO PS 1105991329 LOCAL DE FACIL ACESSO ALIMENTADOR CORBELHA (SERVICO DE EMERGENCIA)
492767;GERAR NDS PRA LINHA VIVA FASER JAMPER DO PE DA CHAVE 23028 DO LIMENTADOR INDIA FASER COM LINHA VIVA BOM ACESSO (SERVICO DE EMERGENCIA)
492768;FAVOR PASSAR PARA MANUTENCAO FAZER EMENDA DE UM CONDUTOR AT COBERTO COM ALMA 2AWG 25KV XLPE25KV DA 34,5 KV ,PARANA TRIFASICO , BOM ACESSFAVOR ACRECENTAR NA NDS OS PS DO DEFEITO 599336639 AO PS 599335095 NOC 50536503 ESQUECI DE POR NA DESCRICAOO , FICOU ABERTO RA 81375 E A CH 81376 APENAS UM CONSUMIDOR FICOU DESLIGADO,  [PS=599336639 V4X4=NAO  CESTO=SIM  LV=NAO  CHVAB=SIM  JUMPAB=NAO  RISCOACID=NAO  CONSDESLIG=SIM  AVARIANAREDE=SIM   TODAREDEINSP=SIM  FONTESUB=NAO]  PS=599336639,EMENDAR CONDUTOR(ES=01  [PS=599336639,1-CABO DE ALUM. COBERTO 15KV 35MM  ]
492769;MENSAGEM    : GERAR NDS PARA SUBSTITUIR PS 775852390 E EMENDAR CABO DE AT E BT NO PS 775605713,FICOU ABERTA CHAVE 4295 E TR F3834 PARA ISOLAR O LOCAL (SERVICO DE EMERGENCIA)
492770;GERAR NDS PRA FASER JAPER DA SAIDA DO PE DA CHAVE 92754, VERIFICAR SE N NESESARIO ABRIR CHAVE 12472 FICAR UMA EQUIPE CUIDANDO A CHAVE POIS MUINTAS REDE CLANDESTINA LOCAL DE BOM ACESSO, TA QUEIMADO TAPITE (SERVICO DE
492771;GERAR NDS PRA LINHA VIVA VIM SUBSTITUIR CHAVE DO RA CUT 36 DA FASE A   Q ESTA COM DEFEITO  TRASER CHAVE DA 34KVA ACESSO SO PELA ROCA SE CHUVER N ENTRA,  [PS=616101211 V4X4=NAO  CESTO=SIM  LV=SIM  CHVAB=SIM  JUMPAB=NAO  RISCOACID=NAO  CONSDESLIG=NAO  AVARIANAREDE=SIM   TODAREDEINSP=SIM  FONTESUB=NAO]  PS=616101211,PODAR ARVORE=0 PS=616101211,APRUMAR POSTE=0 PS=616101211,RETENSIONAR CONDUTOR=0 PS=616101211,TRANSFORMADOR AVARIADO=0  [PS=616101211,1-CHAVE FUSIVEL C -  POLIMERICA 27KV 300A  ]
492772;TROCA O TR COM VAZAMENTO   MAIS O CLIENTE NAO PODE FICA SEM LUZ PODE SER PROGAMADO PRA TROCA TR I0100 ESTA FRCHADO A CHAVE AGUENTA MAIS UM POUCO,  [PS=893287824  V4X4=SIM  CESTO=NAO  CHVAB=NAO  JUMPAB=NAO  LV=NAO  CONSDESLIG=NAO  RISCOACID=NAO  AVARIANAREDE=NAO  TODAREDEINSP=SIM  FONTESUB=NAO]  PS=893287824,TRANSFORMADOR COM VAZAMENTO=1  [PS=893287824,1-TRANSF. TRIF. 13.2 KV    30 KVA  ]
492774;**COMPLEMENTA A NDS 492707 GERADO NDS PADA IMENDA DE CABO 3,09MM E FAZER ROCADA GRANDE , JUMPER DA DERIVACAO DO CABO FICOU ABERTA ACESSO PELA LAVOURA CHAVE FICOU FECHADA,  [PS=615158036 V4X4=NAO  CESTO=NAO  LV=NAO  CHVAB=SIM  JUMPAB=SIM  RISCOACID=SIM  CONSDESLIG=SIM  AVARIANAREDE=SIM   TODAREDEINSP=SIM  FONTESUB=SIM]  PS=615158036,FAZER ROCADA=1 PS=615158036,EMENDAR CONDUTOR(ES=1 PS=615158036,APRUMAR POSTE=0 PS=615158036,TRANSFORMADOR COM VAZAMENTO=0  [PS=615158036,1-FIO ACO ZINCADO 3.09 MM  PS=615158036,1-ISOL BASTAO POLIMERICO 34KV  ]
492775;GERAR NDS PAR EMENDR CABO 4 NO PS 774602003 POD SER FEITO PELA AGENCIA  FICOU ABERTO JUNPER NO PS 803925088,  [PS=774602003 V4X4=SIM  CESTO=NAO  LV=NAO  CHVAB=NAO  JUMPAB=SIM  RISCOACID=NAO  CONSDESLIG=SIM  AVARIANAREDE=SIM   TODAREDEINSP=NAO  FONTESUB=NAO]  PS=774602003,EMENDAR CONDUTOR(ES=1  
492776;CENTRAL GERAR NDS CABOS ROMPIDO VAO 700 M   NESESITA CORTAR EUCALIPITOS E INMENDA CABOS ,REDE MANOBRADA DEFEITO ISOLADO  CHAVE ABERTA 8592 E 25882,  [PS=951747557 V4X4=SIM  CESTO=NAO  LV=NAO  CHVAB=SIM  JUMPAB=NAO  RISCOACID=NAO  CONSDESLIG=SIM  AVARIANAREDE=NAO   TODAREDEINSP=SIM  FONTESUB=NAO]  PS=951747557,POSTE IRREGULAR (SUBSTITUIR/REALOCAR=1  
492777;SUBSTITUIR E REBAIXAR A CRUZETA NO PS 951318205 POSTE DEGOLOU MAS NAO PRECISA SUBSTITUIR E EMENDAR CONDUTOR MT 4CAA CHAVE 8324011605 FICOU ABERTA PORTA FUZIVEL NO PE DO POSTE LOCAL DE DIFICIL ACESSO MAS TEM UMA ESTRADA QUE CHEGA BEM PERTO,  [PS=951318205 V4X4=SIM  CESTO=NAO  LV=NAO  CHVAB=SIM  JUMPAB=NAO  RISCOACID=NAO  CONSDESLIG=SIM  AVARIANAREDE=SIM   TODAREDEINSP=SIM  FONTESUB=NAO]  PS=951318205,SUBSTITUIR CRUZETA(S=1 PS=951318205,EMENDAR CONDUTOR(ES=1 PS=951318205,CORTAR ARVORE COM MOTOSSERRA=0 PS=951318205,TRANSFORMADO QUEIMADO=0 PS=951318205,POSTE IRREGULAR (SUBSTITUIR/REALOCAR=0  [PS=951318205,1-CRUZETA POSTE CONCRETO L=2000MM  PS=951318205,6-CABO  AL NU CAA  4 AWG - COM ALMA  ]
492778;GERAR NDS PARA SUBSTITUIR 2 SU DO BAYPASSE DO RA PPT19 E TROCAR PASSANTES DA N4 ATORADOS,  [PS=578246821 V4X4=NAO  CESTO=SIM  LV=SIM  CHVAB=NAO  JUMPAB=NAO  RISCOACID=NAO  CONSDESLIG=NAO  AVARIANAREDE=SIM   TODAREDEINSP=SIM  FONTESUB=NAO]  PS=578246821,SUBSTITUIR CHAVE UNIPOLAR=2  [PS=578246821,2-SECCIONADORA FACA UNIP 36KV 630A  ]
492779;E REDE NOVA NA TE OS PS DEFEITO EXTA ENTR CHAVE 89847 E CHAVE50443,  [PS=802238699 V4X4=NAO  CESTO=NAO  LV=NAO  CHVAB=SIM  JUMPAB=NAO  RISCOACID=NAO  CONSDESLIG=SIM  AVARIANAREDE=SIM   TODAREDEINSP=SIM  FONTESUB=SIM]  PS=802238699,POSTE AVARIADO/ABALROADO (SUBSTITUIR=01 PS=802238699,PODAR ARVORE=99 PS=802238699,TRANSFORMADOR COM VAZAMENTO=99 PS=802238699,REPARAR CONDUTOR (TENTOS ROMPENDO=5  
492780;GERAR NDS PARA EMENDAR CABO 4 NO PS 784565234  POD SER FEITO PELA AGENCIA D DIA TEM 2 TR Q FICOU DESLIGADO MAS E UTILIZADO SO PRO CONFINAMENTO N MORA NINGUEM FICOU ABERTO GLV NO PS 784565234,  [PS=784565234 V4X4=SIM  CESTO=NAO  LV=NAO  CHVAB=NAO  JUMPAB=SIM  RISCOACID=NAO  CONSDESLIG=SIM  AVARIANAREDE=SIM   TODAREDEINSP=NAO  FONTESUB=NAO]  PS=784565234,EMENDAR CONDUTOR(ES=1  
492781;GERAR NDS PASSAR LINHA VIVA REFAZER JUMPER NO PS DA CHAVE 3209 NO IMPROVISO TECNICO VARIOS AVIARIOS NA LINHA ACESSO BOM PRA CAMINHAO,  [PS=782284723 V4X4=NAO  CESTO=NAO  LV=SIM  CHVAB=NAO  JUMPAB=NAO  RISCOACID=NAO  CONSDESLIG=NAO  AVARIANAREDE=SIM   TODAREDEINSP=NAO  FONTESUB=NAO]  PS=782284723,REFAZER JUMPER=1  
492784;FAVOR GERAR NDS PARA A TROCA DOS PS 793704727 DO PS 793104729 E DO PS 771911490 ALIMENTADOR TESOURAO   VARIOS EUCALIPTO CAIU SOBRE A RDE QUEBRANRO VARIOS POSTE, FICOU ABERTO  SAIDA DO RA TSR24 TODA REDE, FAVOR VERIFICAR POIS TRECHO DE DIFICIL ACESSO PARA CAMINHAO SOMENTE APE  FICOU ABERTO TAMBEM LA 27067 IZOLANDO DEFEITOS,  [PS=771911490 V4X4=SIM  CESTO=NAO  LV=NAO  CHVAB=SIM  JUMPAB=NAO  RISCOACID=NAO  CONSDESLIG=SIM  AVARIANAREDE=SIM   TODAREDEINSP=SIM  FONTESUB=SIM]  PS=771911490,POSTE AVARIADO/ABALROADO (SUBSTITUIR=3  [PS=771911490,3-POSTE DUPLO T B/600/12.0 M  ]
492788;FAVOR GERAR NDS PARA EMENDAR CABOS DE BT E MT NO TR48301 ARVORE CAIU SOBRE A REDE E ROMPEU CABOS, CLIENTE PEDE COM URGENCIA LOCAL DE DIFICIL AC3SSO SO A PE [PS=771571503 V4X4=SIM  CESTO=NAO  LV=NAO  CHVAB=SIM  JUMPAB=NAO  RISCOACID=NAO  CONSDESLIG=SIM  AVARIANAREDE=SIM   TODAREDEINSP=SIM  FONTESUB=NAO]  PS=771571503,EMENDAR CONDUTOR(ES=4  [PS=771571503,10-CABO  AL NU CAA  4 AWG - COM ALMA  ]
492789;FAVOR GERAR SERVICO PARA TROCA DA CHAVE 3953 , FASE (C  LOCAL FASIL ACESSO  , NO LOCAL TUDO LIGADO . GERAR O SERVICO COM LINHA VIVA .,  [PS=616042999 V4X4=SIM  CESTO=NAO  LV=SIM  CHVAB=NAO  JUMPAB=NAO  RISCOACID=SIM  CONSDESLIG=NAO  AVARIANAREDE=SIM   TODAREDEINSP=SIM  FONTESUB=NAO]  PS=616042999,SUBSTITUIR CHAVE UNIPOLAR=1  [PS=616042999,1-BASE CHAVE FUSIVEL C PORCELANA 15KV 300A  ]
492790;C [PS=776259874  V4X4=SIM  CESTO=NAO  CHVAB=NAO  JUMPAB=NAO  LV=NAO  CONSDESLIG=SIM  RISCOACID=NAO  AVARIANAREDE=SIM  TODAREDEINSP=SIM  FONTESUB=NAO]  PS=776259874,FAZER ROCADA=60  [PS=776259874,63-CABO NU 4/0 CAA - COM ALMA  ]
492791;CABO ROMPIDO NO CRUZAMENTO, CABO NO CHAO***ENTRE A CF 7321 E 7322***FOI MANOBRADO REDE E FICOU  AS CHAVES ABERTAS 7323 - 7322 - 7321 - 00030 -  00031 - 01878****105 UCS
492792;COD GERAR SERVICO EQUIPE MANUTENCAO EMENDAR CONDUTOR LOCAL DE ACESSO RAZOAVEL DOIS VAOS DE CABO NO CHAO CHAVE REPETIDORA 6294 ABERTA PORTA RETIRADOS ESTAO NO PS CABOS ROMPIDOS DOS PS 630610970 ATE O PS 569279054 FOTOS GRUPO NDS,  [PS=630610970 V4X4=SIM  CESTO=NAO  LV=NAO  CHVAB=SIM  JUMPAB=NAO  RISCOACID=NAO  CONSDESLIG=SIM  AVARIANAREDE=SIM   TODAREDEINSP=SIM  FONTESUB=NAO]  PS=630610970,CORTAR ARVORE COM MOTOSSERRA=00 PS=630610970,APRUMAR POSTE=00 PS=630610970,EMENDAR CONDUTOR(ES=1 PS=630610970,TRANSFORMADOR COM VAZAMENTO=00  [PS=630610970,10-CABO AL NU 4 CA AWG - SEM ALMA  ]
492798;FAVOR GERAR NDS NO ALIMENTADOR SALTO DO LONTRA PARA EQUIPE DE MANUTENCAO FAZER EMENDA DE CABO DE AT ROMPIDO NO PS 776261296 DO TR B0647, TRECHO FICOU ISOLADO CHAVE 10061 ABERTA TRECHO FRIO, LOCAL DE ACESSO REGULAR,  [PS=776261296 V4X4=SIM  CESTO=NAO  LV=NAO  CHVAB=SIM  JUMPAB=NAO  RISCOACID=NAO  CONSDESLIG=SIM  AVARIANAREDE=SIM   TODAREDEINSP=SIM  FONTESUB=NAO]  PS=776261296,EMENDAR CONDUTOR(ES=1  
492799;FAVOR GERAR NDS PARA A TROCA DO PS 771516011 E DO PS 840607157 FICOU ABERTO CHAVE 09316 E CHAVE 3977 IZOLANDO DEFEITO, LOCAL DE MUITO DIFICIL ACESSO SOMENTE APE, VARIOS EUCALIPTOS SOBRE A REDE  ALIMENTAROR RIO QUIETO, TRAZER ESTRUTA INTEIRA PARA UMA N4 E PARA FINAL DE REDE PARA N3 COM N3 (SERVICO DE EMERGENCIA)      OBS : TRAZER 6 LUVAS DE CABO 20 SEM ALMA PARA EMWNDA DE CONDUTORES (SERVICO DE EMERGENCIA)
492800;GERAR NDS PARA SUBSTITUIR POSTE PS 1108648727, NECESSARIO 2 CRUZETAS E UM POSTE B600, REALIZAR EMEDA DE CONDUTOR CABO PROTEGIDO COM ALMA 2AWG, (SERVICO DE EMERGENCIA)
492801;FAVOR GERAR NDS  PARA MANUTENCAO NO TR P3925 APLUMAR PS E RETENCIONAR CABOS , RETIRADO ARVORE DE GRAND3 PORTE ,CHAVE QUE ALIMENTA TR FICOU ABERTA LOCAL D3 FACILACESSO PROXIMO A ESTRADA (SERVICO DE EMERGENCIA)
492802;RAMAL EM CURTO PERCORIDO ONDE TINHA ACESSO NADA LOCALIZADO DEICHAR SERVICO GERADO PARA PERCORER AMANHAM DE DIA PRIMEIRA HORA,  [PS=1100437956  V4X4=SIM  CESTO=NAO  CHVAB=SIM  JUMPAB=NAO  LV=NAO  CONSDESLIG=SIM  RISCOACID=NAO  AVARIANAREDE=SIM  TODAREDEINSP=SIM  FONTESUB=NAO]  PS=1100437956,CORTAR ARVORE COM MOTOSSERRA=1  [PS=1100437956,1-CABO  AL NU CAA  4 AWG - COM ALMA  ]
492804;FEITO TESTE E PERCORIDO A NOITE RAMAL DA 2227 RAMAL EM CURTO NADA ENCONTRADO ALEM DO TRECHO INICIAL COM ARVORES TOCANDO A REDE PROVEL DEFEITO FAZER PODAS E NOVO TESTE TEM CRIATORIO DE PEIXE E AVIARIO NO RAMAL URGENTE ROCADA DO 938040160 ATE PS 96189860 NDS SEM FOTOS,  [PS=787534871 V4X4=NAO  CESTO=NAO  LV=NAO  CHVAB=SIM  JUMPAB=NAO  RISCOACID=NAO  CONSDESLIG=SIM  AVARIANAREDE=SIM   TODAREDEINSP=SIM  FONTESUB=NAO]  PS=787534871,PODAR ARVORE=20 PS=787534871,FAZER ROCADA=2  
492806;EMENDAR CABO4CAA DE ALTA NO PS 789240993 ACESSO PELA LAVOURA, FICOU ABERTA A TRIP 7339, PODE SER FEITO COM EQUIPE DA AGENCIA,  [PS=789240993 V4X4=SIM  CESTO=NAO  LV=NAO  CHVAB=SIM  JUMPAB=NAO  RISCOACID=NAO  CONSDESLIG=SIM  AVARIANAREDE=SIM   TODAREDEINSP=SIM  FONTESUB=NAO]  PS=789240993,EMENDAR CONDUTOR(ES=1  
492807;FAVOR GERAR NDS PRA EMENDA DE CONDUTOR 4AWG CA DO PS INICIAL 951622076 AO 951622070, ROMPIDO COM DOIS VAO NO CHAO, TRAZER LUVA PRA EMENDA E UM ISOLADOR .,, ACESSO A UNS 100MTR APE FAZER DURANTE O DIA, CF 2783 ABERTA RETIRADO PORTAS FUZIVEIS,  [PS=951622076 V4X4=SIM  CESTO=NAO  LV=NAO  CHVAB=SIM  JUMPAB=NAO  RISCOACID=NAO  CONSDESLIG=SIM  AVARIANAREDE=SIM   TODAREDEINSP=NAO  FONTESUB=NAO]  PS=951622076,EMENDAR CONDUTOR(ES=1  
492808;I FORMACAO DE CABO ROMPIDO PERCORRER DE DIA,  [PS=791393989  V4X4=NAO  CESTO=NAO  CHVAB=SIM  JUMPAB=NAO  LV=NAO  CONSDESLIG=SIM  RISCOACID=SIM  AVARIANAREDE=SIM  TODAREDEINSP=NAO  FONTESUB=NAO]  PS=791393989,PERCORRER CIRCUITO COM DEFEITO NAO LOCALIZADO=1  
492809;FAVOR GERAR NDS PRA EQUIPE DE LINHA VIVA OU PROGRAMAR DESLIGAMENTO PRA UMA EQUIPE COM CESTO , TROCAR PEDACO DE CABO E BATER EMENDAS CORRETAS EM CABO DO ALIMEMTADOR GUABIJU CABO DO MEIO E TROCAR ISOLADORES PILAR DANIFICADOS , SO TROCAMOS UM ISOLADOR , NO POSTE 947003045 , FOI FEITO CONSERTO PRA QUE PUDESSE SER LIGADO REDE ATE O BARRACAO , SOBRE ACESSO CAMINAHO CHEGA ATE O SERVICO NA LAVOURA , EM DIAS MAIS SECOS,  [PS=947003045 V4X4=SIM  CESTO=SIM  LV=NAO  CHVAB=NAO  JUMPAB=NAO  RISCOACID=NAO  CONSDESLIG=NAO  AVARIANAREDE=SIM   TODAREDEINSP=SIM  FONTESUB=SIM]  PS=947003045,REPARAR CONDUTOR (TENTOS ROMPENDO=1  
492810;FAVOR GERAR NDS PARA SEXTO AEREO REALIZAR EMENDA DE CABO CA 2AWG NA PARTE URBANA, NO PS 775015233 LOCAL LIVRE ACESSO, TRECHO FICOU ISOLADO PELA CH 7318 E A CHAVE 1308, 5 A 7 MTRS DE CABO,  [PS=775015233 V4X4=NAO  CESTO=SIM  LV=NAO  CHVAB=SIM  JUMPAB=NAO  RISCOACID=NAO  CONSDESLIG=SIM  AVARIANAREDE=SIM   TODAREDEINSP=SIM  FONTESUB=NAO]  PS=775015233,EMENDAR CONDUTOR(ES=1  [PS=775015233,7-CABO AL NU 2 AWG  ]
492811;GERAR NDS PRA MANUTENSAO FAZER EMENDA DE CABO NO PS 774958317 FOI ABERTO GLV DA DERIVASAO DIFICIO ACESSO,  [PS=774958317 V4X4=SIM  CESTO=NAO  LV=NAO  CHVAB=NAO  JUMPAB=SIM  RISCOACID=NAO  CONSDESLIG=SIM  AVARIANAREDE=NAO   TODAREDEINSP=SIM  FONTESUB=SIM]  PS=774958317,EMENDAR CONDUTOR(ES=3  [PS=774958317,15-CABO  AL NU CAA  4 AWG - COM ALMA  ]
492812;NDS PARA EMENDAR CABO 3X2.25MM  NA CR 05958 PS 627226575 FICOU ABERTA NO LOCAL (SERVICO DE EMERGENCIA)
492813;FAVOR GERAR NDS PARA EQUIPE DE MANUTENCAO RETIRAR ARVORE DE GRANDE PORTE DE CIMA DA REDE, NAO CHEGOU ROMPER OS CABOS, MAIS E NECESSARIO RETENCIONAR, AVALIAR SE NECESSARIO RENAIXAR CRUZETAS DO PS 943887157,FAZER ROCADA APROXIMADAMENTE 100 METROS DE ROCADA ,LOCAL DE DICIL ACESSO ,FICOU ABERTA A CHAVE 9732 PORTA FUSIVEL NO PE DO POSTE , LOCAL DO DEFEITO ENTRE OS PS 943887157 E O PS 943887154,  [PS=943887157 V4X4=SIM  CESTO=NAO  LV=NAO  CHVAB=SIM  JUMPAB=NAO  RISCOACID=NAO  CONSDESLIG=SIM  AVARIANAREDE=SIM   TODAREDEINSP=SIM  FONTESUB=NAO]  PS=943887157,CORTAR ARVORE COM MOTOSSERRA=1  [PS=943887157,1-CABO  AL NU CAA  4 AWG - COM ALMA  ]
492814;GERAR NDS PARA MANUTENCAO EMENDAR VAO DE 130 METROS DE CABO CAA4AWG CORTAR ALGUMAS ARVORES PEGANDO NA REDE E APRUMAR PS 794913522 O MESMO CEDEU QUANDO ROMPEU O CABO CABO ROMPIDO DESSE PS AO TR D1176 CF 06509 FICOU ABERTA CARTUCHO NO PE DO POSTE ACESSO NA ROCA 30 METROS DA ESTRADA NAO E MUITO RUIM DE CHEGAR ,A CAMINHONETE VAI NO PE DO POSTE,  [PS=794913522 V4X4=SIM  CESTO=NAO  LV=NAO  CHVAB=SIM  JUMPAB=NAO  RISCOACID=NAO  CONSDESLIG=SIM  AVARIANAREDE=SIM   TODAREDEINSP=NAO  FONTESUB=NAO]  PS=794913522,EMENDAR CONDUTOR(ES=1 PS=794913522,APRUMAR POSTE=1  
492815;GERAR NDS PARA MANUTENCAO VIR EMENDAR CABO CAA4AWG, TRAZER UNS 30 METROS DE CABO DEVIDO CABO TER CAIDO NO CHAO E COZINHOU, TAMBEM APRUMAR PS 612300035, DEVIDO SER NOITE NAO CONSEGUIMOS VERIFICAR SE TEM ACESSP PARA VEICULO,  [PS=612300035 V4X4=SIM  CESTO=NAO  LV=NAO  CHVAB=SIM  JUMPAB=NAO  RISCOACID=NAO  CONSDESLIG=SIM  AVARIANAREDE=SIM   TODAREDEINSP=SIM  FONTESUB=SIM]  PS=612300035,EMENDAR CONDUTOR(ES=1  [PS=612300035,30-CABO  AL NU CAA  4 AWG - COM ALMA  ]
492816;REFAZER JAMPER FASE B,  [PS=583240638 V4X4=NAO  CESTO=NAO  LV=NAO  CHVAB=NAO  JUMPAB=NAO  RISCOACID=NAO  CONSDESLIG=SIM  AVARIANAREDE=SIM   TODAREDEINSP=SIM  FONTESUB=NAO]  PS=583240638,REFAZER JUMPER=1  
492817;EMENDAR CONDUTOR DE BT NO CRUZAMENTO 561553747, TEM NDS NO MESMO LOCAL POSTE QUEBRADO ALIM TORRES FAZER JUNTO SE POSSIVEL, TR F3834 FICOU ABERTO NO LOCAL,  [PS=561553747 V4X4=SIM  CESTO=SIM  LV=NAO  CHVAB=SIM  JUMPAB=NAO  RISCOACID=SIM  CONSDESLIG=SIM  AVARIANAREDE=SIM   TODAREDEINSP=SIM  FONTESUB=NAO]  PS=561553747,EMENDAR CONDUTOR(ES=1  [PS=561553747,1-CABO  AL NU 2/0 AWG  ]
492818;NDS PRA RETIRAR ARVORE DE GRANDE DE CIMA DA MT 34,5KV PROXIMO AO PS 774980468 E PLUMA PS
492819;FAVOR GERAR NDS PRA EQUIPE DE OBRA DO PROJETO FAZER EMENDA DE CABO 336 COM 7 VAO NO CHAO , COM RISCO DE CAIR NA ESTRADA DEASFALTO , ESTAVA COM RISCO DE CAIR ENCIMA DO TROCO DO ALIMENTADOR CAMELIA FOI MANOBRA O MESMO DEIXANDO DESLIGADO , ABERTAS AS CHAVES DA REDE DE 13, 7567 LA 18254 SU 7185 LA , ECHAVES DA REDE 34 9868 SU 26523 , NA SAIDO DO RA NA SERLZ, NAO FOI EMPLACADA NENHUMA DAS CHAVES ,,,LOCAL DE DIFICIL ACESSO ,SOMENTE FAZER DE DIA , FAZER A APR PRA EXECUTAR A EMENDA DE CABO TEM UMA REDE DE13 QUE ESTA QUENTE NA CH18254.,    [PS=612320659,1-CRUZETA DE CONCRETO TIPO  T   PS=612320659,1-ISOL PILAR PORCELANA 35 KV  PS=612320659,3-CABO  AL NU 336  ]
492820;CABO ROMPIDO NESSESARIO FAZER DURANTE O DIA TEM QUE FZER ROCADA EQUIPE SEM MATERIAL PARA EXECUTAR O SERVICO DIFICIL ASCESSO TEM QUE IR APE ATE O LOCAL,  [PS=789230952 V4X4=SIM  CESTO=NAO  LV=NAO  CHVAB=SIM  JUMPAB=NAO  RISCOACID=NAO  CONSDESLIG=SIM  AVARIANAREDE=SIM   TODAREDEINSP=SIM  FONTESUB=NAO]  PS=789230952,FAZER ROCADA=15  [PS=789230952,10-CABO NU 4/0 CAA - COM ALMA  ]
492821;CHAVE NA REDE AINDA NAO CONSTA PRA NOS NO GPS MAS A CHAVE E A 8324024795 BAMBU ABRACA OS CABOS,  [PS=562865394 V4X4=NAO  CESTO=NAO  LV=NAO  CHVAB=SIM  JUMPAB=NAO  RISCOACID=SIM  CONSDESLIG=SIM  AVARIANAREDE=SIM   TODAREDEINSP=SIM  FONTESUB=NAO]  PS=562865394,SUBSTITUIR CHAVE UNIPOLAR=1 PS=562865394,CORTAR CERCA VIVA/BAMBU=1  
492823;FAVOR GERAR NDS PARA REFAZER CRUZAMENTO AEREO NO PS 550537110 LOCAL DE FACIL ACESSO REDE MANOBRADA,  [PS=550537110 V4X4=SIM  CESTO=SIM  LV=NAO  CHVAB=SIM  JUMPAB=NAO  RISCOACID=NAO  CONSDESLIG=SIM  AVARIANAREDE=SIM   TODAREDEINSP=NAO  FONTESUB=NAO]  PS=550537110,REFAZER CRUZAMENTO AEREO=1  
492824;NDS PARA REFAZER OS 2 ATERRAMENTOS DO TR L6187 AMBOS ROMPIDOS , DIFICIL ACESSO AGORA A NOITE EQUIPE TRBALHANDO DESDE AS 7 , SE POSSIVEL PRIORIZAR CONSUMIDOR COM VACA DE LEITE.,  [PS=780253798 V4X4=NAO  CESTO=NAO  LV=NAO  CHVAB=SIM  JUMPAB=NAO  RISCOACID=NAO  CONSDESLIG=SIM  AVARIANAREDE=SIM   TODAREDEINSP=SIM  FONTESUB=NAO]  PS=780253798,REFAZER ATERRAMENTO=2  
492827;GERAR NDS PARA EMENDAR CABO AT NO PS 949778488, FOI ABERTO JUMPER DA DERIVACAO, FICOU FORA SO O TR 83240P0568 TRIP 04287 FECHADA AS 00.27,  [PS=949778488 V4X4=SIM  CESTO=NAO  LV=NAO  CHVAB=NAO  JUMPAB=SIM  RISCOACID=SIM  CONSDESLIG=SIM  AVARIANAREDE=SIM   TODAREDEINSP=SIM  FONTESUB=NAO]  PS=949778488,EMENDAR CONDUTOR(ES=1  
492830;GERADA NDS P EMENDA DE CONDUTOR NO PS INDICADO, REDD FOI MANOBRADA.,  [PS=627100350 V4X4=SIM  CESTO=NAO  LV=NAO  CHVAB=SIM  JUMPAB=NAO  RISCOACID=NAO  CONSDESLIG=SIM  AVARIANAREDE=SIM   TODAREDEINSP=SIM  FONTESUB=NAO]  PS=627100350,EMENDAR CONDUTOR(ES=1  [PS=627100350,1-CABO  AL NU CAA  4 AWG - COM ALMA  ]
492832;SERVICO     : EQUIPE      : CA911VEIC. ALOC. : E3B37DATA        : 22/09/25 03:17 POR ADMSODREGIAO      : FBL 01 - FRANCISCO BELTRAOTIPO        : MENSAGEM LIVREMENSAGEM    : CABO ROMPIDO PS 949465548 BEIRA ESTRADA ABERTO GLV NO PS 949465539 E TRIP 11210 FICOU FECHADA
492833;SERVICO     : EQUIPE      : CA401VEIC. ALOC. : E2277DATA        : 22/09/25 03:40 POR ADMSODREGIAO      : SNA 01 - SANTA HELENATIPO        : MENSAGEM LIVREMENSAGEM    : FAVOR GERAR NDS EMENDAR CABOS E ROSADA DO PS 795902799 ATE O PS 795902797    CABO  4WG .  TRAZER 50 MTROS CABO 4WG FICOU A ERTO AS DUAS GM 16827 E 16913   ,POSTES ANTIGO USAR CAMINHAO COM GUINDASTE PRA SUSTENTAR O POSTE   , TEM ACESO NUM DOS POSTE. (SERVICO DE EMERGENCIA)
492834;TROCA DE ISOLADOR QUEBRADO , E CRUSETA QUEBRADA , E FASER IMENDA DE CABO MT , LOCAL DE FSIL ACESSO , NO PS 780928408 AO PS 7809266315 (SERVICO DE EMERGENCIA)
492835;CHAVE 11669 COM CABO ROMPIDO ARVORE NA REDE  A MESMA FOI ABERTA E PRECISA 20 METROS CABO E CORTAR ARVORE PRA SUBIR CABO (SERVICO DE EMERGENCIA)
492841;NDS PARA LINHA VIVA REPOR ALCA QUE ROMPEU DO ISOLADOR DE ANCORAGEM NO ALIMENTADOR 7QUEDAS PS 786528163 , NAO TEM RISCO VAO E PEQUENO CABO FICOU UM POUCO BAMBO. LIVRE ACESSO.,  [PS=786528163 V4X4=NAO  CESTO=SIM  LV=SIM  CHVAB=NAO  JUMPAB=NAO  RISCOACID=NAO  CONSDESLIG=NAO  AVARIANAREDE=SIM   TODAREDEINSP=SIM  FONTESUB=NAO]  PS=786528163,SUBSTITUIR ALCA DE ANCORAGEM=1  
492842;FAVOR GERAR NDS P MANUTENCAO, REDE COMPACTA. ENTRE O PS 570239145 E O PS 570239218 CABO PROTEGIDO 185MM (SERVICO DE EMERGENCIA)
492852;FAVOR GERAR SERVICO PARA REPOSICONAR O CONDUTOR MT NO PS 603904369 AO PS 603904487 ,  LOCAL DE FASIL ACESSO , O TRECHO FICOU MANOBRADO , POREM OS CLIETES FICARA SEM ENERGIA,  [PS=603904369 V4X4=SIM  CESTO=NAO  LV=NAO  CHVAB=SIM  JUMPAB=NAO  RISCOACID=SIM  CONSDESLIG=SIM  AVARIANAREDE=SIM   TODAREDEINSP=SIM  FONTESUB=NAO]  PS=603904369,REFAZER CONEXAO NA REDE=1  
492853;GERAR NDS PRA SUBSTITUIR O ISOLADOR E O CABO UNS 5 METROS DE CABO 2 DA COMPACTA E 1 LUVA E 1 PAREFUSO 45 NO PS 618228759 CHWVE ABERTA NA REDE 8321609015,  [PS=618228759 V4X4=NAO  CESTO=NAO  LV=SIM  CHVAB=SIM  JUMPAB=NAO  RISCOACID=NAO  CONSDESLIG=SIM  AVARIANAREDE=NAO   TODAREDEINSP=NAO  FONTESUB=NAO]  PS=618228759,SUBSTITUIR ISOLADORES=1  [PS=618228759,1-ISOLADOR PINO POLIMERICO 15KV - RD COMP  PS=618228759,5-CABO DE ALUM. COBERTO 15KV 35MM  ]
492858;REFAZER JUMPE VAI PRECISA DE UM GLV  DEFEITO NO TRONCO CHAVE ABERTA 3239 E 3287,  [PS=779580384 V4X4=SIM  CESTO=SIM  LV=SIM  CHVAB=SIM  JUMPAB=NAO  RISCOACID=NAO  CONSDESLIG=SIM  AVARIANAREDE=SIM   TODAREDEINSP=SIM  FONTESUB=NAO]  PS=779580384,REFAZER JUMPER=1  
492861;SUBSTIRUIR TR 83216F0362 O MESMO NAO ACEITOU OS TESTES FEITO,  [PS=618880385 V4X4=NAO  CESTO=NAO  LV=NAO  CHVAB=SIM  JUMPAB=SIM  RISCOACID=NAO  CONSDESLIG=SIM  AVARIANAREDE=SIM   TODAREDEINSP=SIM  FONTESUB=NAO]  PS=618880385,TRANSFORMADO QUEIMADO=1  [PS=618880385,1-TRANSF.TRIF.13.2KV  75KVA AUTOPROT.  ]
492863;REALIZAR TROCA DE ISOLADORES. FOI OBSERVADO FOGO NOS ISOLADORES.ORIGEM: GUARDIAO DO DEC DE PROTOCOLO 2025026220.
492868;FAVOR GERAR NDS PARA LV REPOR ESTRIBO DO TR N0662, O MESMO SOLTOU O CUNHA E O JUMPER FICOU SUSPENSO, TR FICOU FECHADO, FEITO PALIATIVO GLV DIRETO NO CABO, BOM ACESSO AO LOCAL, ALIMENTADOR RADIO CLUBE,  [PS=612905986  V4X4=NAO  CESTO=SIM  CHVAB=NAO  JUMPAB=NAO  LV=SIM  CONSDESLIG=NAO  RISCOACID=NAO  AVARIANAREDE=SIM  TODAREDEINSP=SIM  FONTESUB=NAO]  PS=612905986,SUBSTITUIR/INSTALAR ESTRIBO=1  
492873;FAVOR GERAR ND PARA EMENDA DE CONDUTORES , RETIRADA DE ARVORE DE GRANDE PORTE DA REDE E APRUMAR PS LUGAR DE DIFICIL ACESSO SOMENTE APE,  [PS=627230993 V4X4=SIM  CESTO=NAO  LV=NAO  CHVAB=SIM  JUMPAB=NAO  RISCOACID=NAO  CONSDESLIG=SIM  AVARIANAREDE=SIM   TODAREDEINSP=NAO  FONTESUB=NAO]  PS=627230993,EMENDAR CONDUTOR(ES=1 PS=627230992,APRUMAR POSTE=1  [PS=627230993,1-CABO  AL NU CAA  4 AWG - COM ALMA  ]
492874;COD FAVOR GERAR NDS PARA MANUTENCAO FAZER EMENDA DE CABO DE BT ..NO TR 45807 DIFICIL ACESSO SOMENTE A PE ,,VAO LONGO,, TERA QUE FAZER ROCADA TR FICOU ABERTO ..SEM FOTOS MUITA CHUVA NO LOCAL,,,  [PS=774235250 V4X4=SIM  CESTO=NAO  LV=NAO  CHVAB=NAO  JUMPAB=NAO  RISCOACID=NAO  CONSDESLIG=SIM  AVARIANAREDE=NAO   TODAREDEINSP=NAO  FONTESUB=NAO]  PS=774235250,EMENDAR CONDUTOR(ES=01  
492875;SERVICO     : EQUIPE      : CA432VEIC. ALOC. : E3K62DATA        : 22/09/25 09:37 POR ADMSODREGIAO      : FOZ 01TIPO        : MENSAGEM LIVREMENSAGEM    : BOM DIA . GERAR NDS PRA REFAZER CRUZAMENTO EM REDE DE COMPACTA NO PS 554810962 E REFAZER AMARRACAO NO ISOLADOR .. TRIPS 8321600792 FICOU ABERTA.. AS 9.15.. FAZER COM LINHA VIVA SEM PONTO DE ATERRAMENTO NA REDE COMPACTA. (SERVICO DE EMERGENCIA)8321600792- BSCFOZ
492881;OK GERADO NDS PARA FAZER EMENDA DE CONDUTORES DE AT E BT ENTRE VARIOS PONTOS DO PS 630108231 AO PS 630108416 DEVIDO A GRANDES RAJADAS DE VENTO DERRUBOU ARVORE SOBRE A REDE ROMPENDO OS CONDUTORES FICOU ABERTO A TRIPSAVER 00547 E ABERTO OS GLV DA MESMAS LOCAL DE FACIL ACESSO AO LADO DA ESTRADA,  [PS=630108416 V4X4=SIM  CESTO=NAO  LV=NAO  CHVAB=SIM  JUMPAB=NAO  RISCOACID=SIM  CONSDESLIG=SIM  AVARIANAREDE=SIM   TODAREDEINSP=SIM  FONTESUB=NAO]  PS=630108416,EMENDAR CONDUTOR(ES=5  [PS=630108416,99-CABO AL NU 2 AWG  ]
492882;COD FAVOR GERAR NDS PARA MANUTENCAO FAZER EMENDA DE CABO DE BT ..NO TR 45807 DIFICIL ACESSO SOMENTE A PE ,,VAO LONGO,, TERA QUE FAZER ROCADA TR FICOU ABERTO ..SEM FOTOS MUITA CHUVA NO LOCAL,,,  [PS=774235250 V4X4=SIM  CESTO=NAO  LV=NAO  CHVAB=NAO  JUMPAB=NAO  RISCOACID=NAO  CONSDESLIG=SIM  AVARIANAREDE=NAO   TODAREDEINSP=NAO  FONTESUB=NAO]  PS=774235250,EMENDAR CONDUTOR(ES=01  
492883;TROCA PS QUEBRADO APOS QUEDA DE ARVORE,  [PS=619374964 V4X4=NAO  CESTO=SIM  LV=NAO  CHVAB=SIM  JUMPAB=SIM  RISCOACID=SIM  CONSDESLIG=SIM  AVARIANAREDE=SIM   TODAREDEINSP=SIM  FONTESUB=NAO]  PS=619374964,POSTE AVARIADO/ABALROADO (SUBSTITUIR=1  [PS=619374964,1-POSTE DUPLO T B/300/12,0M  ]
492884;EQUIPE      : E3X97VEIC. ALOC. : E3X97DATA        : 22/09/25 09:52 POR ADMSODREGIAO      : NVL 11 - URB E RUR1TIPO        : MENSAGEM LIVREMENSAGEM    : GERAR NDS PARA EMENDAR CABO ROMPIDO NO PS 626929357 NO MEIO DO MATO CHAVES 58222 E 21687 ABERTAS (SERVICO DE EMERGENCIA)8628858222 - BSCLJS
492885;REFAZER JUMPER NA REDE, CR 1738 ESTA FECHADA NECESSARIO ABRIR PARA EXECUTAR SERVICO,  [PS=612232779 V4X4=SIM  CESTO=NAO  LV=NAO  CHVAB=NAO  JUMPAB=SIM  RISCOACID=NAO  CONSDESLIG=SIM  AVARIANAREDE=SIM   TODAREDEINSP=NAO  FONTESUB=NAO]  PS=612232779,REFAZER CONEXAO NA REDE=1  
492891;GERAR NDS PARA APRUMAR POSTE E EMENDAR CABOS DE BT NO CIRCUITO DO F1705 NO PS 619800824
492894;SUBST TR DE 45 KVA NA 13,8, - 621841394
492897;CIRTAR ARVORE NA REDE E EMENDAR CABOS,  [PS=619144515 V4X4=NAO  CESTO=NAO  LV=NAO  CHVAB=SIM  JUMPAB=NAO  RISCOACID=NAO  CONSDESLIG=SIM  AVARIANAREDE=SIM   TODAREDEINSP=SIM  FONTESUB=NAO]  PS=619144515,CORTAR ARVORE COM MOTOSSERRA=02 PS=619144515,SUBSTITUIR CRUZETA(S=1 PS=619144515,EMENDAR CONDUTOR(ES=2 PS=619144515,APRUMAR POSTE=1 PS=619144515,TRANSFORMADOR AVARIADO=1  [PS=619144515,20-CABO AL NU 2 AWG  PS=619144515,1-CRUZETA DE CONCRETO TIPO  T   ]
492900;MANUTENCAO EMENDAR CONDUTORES DE AT E BT ROMPIDOS, FOI ABERTO AS CHAVES 11927 E 12295, FACIL ACESSO, TRAZER EMENDA E  PEDACO DE CABO 2-0 CA, EMENDA E CABO 35MM CA COBERTO, FOTOS NO GRUPO., PS 776125092, ATENDE MERCADO SUPER DIA.
492902;FAZER EMENDA CABO DE BT NO CRUZAMENTO, NAO EH NECESSARIO TROCAR TRAFO NEM POSTE. VITAL NO LOCAL RETIRANDO ARVORE DE GRANDE PORTE CAIDA NA REDE,  [PS=619233165 V4X4=NAO  CESTO=SIM  LV=NAO  CHVAB=SIM  JUMPAB=NAO  RISCOACID=NAO  CONSDESLIG=SIM  AVARIANAREDE=SIM   TODAREDEINSP=SIM  FONTESUB=NAO]  PS=619233165,EMENDAR CONDUTOR(ES=2 PS=619233165,CORTAR ARVORE COM MOTOSSERRA=0 PS=619233165,APRUMAR POSTE=0 PS=619233165,TRANSFORMADOR AVARIADO=0  [PS=619233165,5-CABO AL NU 2 AWG  ]
492908;04 POSTES QUEBRADO B600 13,5M   
492909;RETIRAR ARVORE POR CIMA DA REDE E EMENDA DE CONDUTORES  CRUZAMENTOS,  [PS=619795793 V4X4=NAO  CESTO=SIM  LV=NAO  CHVAB=SIM  JUMPAB=SIM  RISCOACID=SIM  CONSDESLIG=SIM  AVARIANAREDE=SIM   TODAREDEINSP=SIM  FONTESUB=NAO]  PS=619795793,RETIRAR GALHOS/CASCAS DA REDE=3  [PS=619795793,10-CABO  AL NU 4/0  ]
492911;REFERENTE A NOC 50528523 CABOS DE BT ROMPIDOS NO CIRCUITO DO TR 70208 NO PS 616938462, TR ABERTO E TRONCO DO ALIMENTADOR FRIO NO TRECHO- GERAR NDS TRAZER UM POSTE E EMENDA DE CABO 2/0
492916;QUANDO POSSIVEL PRA REFAZER ESTAI NO PS DA CHAVE 02616 E RETENCIONAR CABOS DE AT NO PS771995663 ATE PS 771995664 LOCAL LIVRE ACESSO. (SERVICO DE EMERGENCIA)   
492922;REFAZER CRUZAMENTO CF ABERTA E SINALIZADA, REFAZER CRUZAMENTO CF ABERTA E SINALIZADA, PS=582501231
492928;EFETUAR EMENDA DE CONDUTOR DE BT, REALIZAR PODAS, SUBST 3 CF DO TR E RETIRAR NINHO DAS BUCHAS DE BT DO TR,  [PS=772626506 V4X4=NAO  CESTO=NAO  LV=NAO  CHVAB=SIM  JUMPAB=NAO  RISCOACID=NAO  CONSDESLIG=SIM  AVARIANAREDE=SIM   TODAREDEINSP=SIM  FONTESUB=NAO]  PS=772626506,EMENDAR CONDUTOR(ES=4 PS=772626506,APRUMAR POSTE=0 PS=772626317,TRANSFORMADOR AVARIADO=0 PS=772626506,PODAR ARVORE=3  
492930;O F 1860 FICOU ABERTO COM A PLAQUINGA  FAVOR TRAZER8 LUVAR CABO 2 WG  E UM MUG PRA TIRAR ARVORE DE GRANDE PORTE,  [PS=619845070 V4X4=NAO  CESTO=SIM  LV=NAO  CHVAB=SIM  JUMPAB=NAO  RISCOACID=SIM  CONSDESLIG=SIM  AVARIANAREDE=SIM   TODAREDEINSP=NAO  FONTESUB=NAO]  PS=619845070,PODAR ARVORE=1 PS=619845070,CORTAR ARVORE COM MOTOSSERRA=1  [PS=619845070,20-CABO AL NU 2 AWG  ]
492934;GERAR NDS PARA REFAZER JUMPER LADO FONTE DA CF 05516 A MESMA ESTA NA TRONCO DO ALIMENTADOR IPE ROXO CF 05516 ABERTA E SINALIZADA,  [PS=616905835 V4X4=NAO  CESTO=NAO  LV=NAO  CHVAB=SIM  JUMPAB=NAO  RISCOACID=NAO  CONSDESLIG=SIM  AVARIANAREDE=SIM   TODAREDEINSP=SIM  FONTESUB=NAO]  PS=616905835,REFAZER JUMPER=1  
492935;FAVOR  GERA  NDS  PRA  EMENDA CABO  PROXIMO  PES 594180272  E PROXIMO TR D5961   TR3CHO MANOBRADO  PELAS CH  18405 E 18307  ABERTAS  TRQZER  ALCA PRA CABO 35MM  ACESSO BOM  FT NO GRUPO NDS,  [PS=594180272 V4X4=SIM  CESTO=NAO  LV=NAO  CHVAB=SIM  JUMPAB=NAO  RISCOACID=NAO  CONSDESLIG=SIM  AVARIANAREDE=SIM   TODAREDEINSP=SIM  FONTESUB=SIM]  PS=594180272,PODAR ARVORE=01 PS=594180272,APRUMAR POSTE=01 PS=594180272,EMENDAR CONDUTOR(ES=01 PS=594180272,TRANSFORMADOR COM VAZAMENTO=01  [PS=594180272,3-TRIPLEX AL 35 MM2  ]
492943;EMENDA DE CABO 3X2X25 VAO LONGO NO PS 882032618 BOM ACESSO CHAVE 8628890932 ESTA ABERTA NO LOCAL VERIFICAR ESSE PS ESTA BM TORTO NO LOCAL OK TAZER UMA EMENDA 3X2X25 FAZER CORTE DE UMA ARVORE GRANDE OK (SERVICO DE EMERGENCIA)
492944;ALIMENTADOR LEEDS, PONTO CRITICO POSSIVEL ABERTURA DO LEEDS HOJE. PINHEIRO PROXIMO AO PS 610733576. ARVORES SOBRE A REDE, PS ANTERIOR 553798560, 610733664, 610733665. TODOS OS PONTOS JA FORAM APONTADOS EM GSIM FEITO ANTERIORMENTE. (SERVICO DE EMERGENCIA)
492948;CABECA DO PS 576739502 QUEBRADA, NEXESSARIK AVALIAR SUBSTITUICAO OU MOLETAR O MESMO. EMENDAR CONDUTOR, EQP N REALIZOU POR POSSIBILIDSDE DE ROMPER OU DESLOCAR PS QUEBRADO.,  [PS=576739506 V4X4=NAO  CESTO=NAO  LV=NAO  CHVAB=SIM  JUMPAB=NAO  RISCOACID=NAO  CONSDESLIG=SIM  AVARIANAREDE=SIM   TODAREDEINSP=SIM  FONTESUB=NAO]  PS=576739506,EMENDAR CONDUTOR(ES=1 PS=576739506,POSTE AVARIADO/ABALROADO (SUBSTITUIR=1 PS=576739506,PODAR ARVORE=1 PS=576739506,TRANSFORMADOR AVARIADO=1  [PS=576739506,5-CABO  AL NU CAA  4 AWG - COM ALMA  PS=576739506,1-POSTE DUPLO T B/300/12,0M  ]
492949;FAVOR GERAR NDS PARA EMENDA DE CABOS NO PS 612407421 ROMPEU OS 4 CABOS,  [PS=612407421 V4X4=NAO  CESTO=NAO  LV=NAO  CHVAB=SIM  JUMPAB=NAO  RISCOACID=NAO  CONSDESLIG=SIM  AVARIANAREDE=SIM   TODAREDEINSP=NAO  FONTESUB=NAO]  PS=612407421,EMENDAR CONDUTOR(ES=4  [PS=612407421,30-CABO AL NU 2 AWG  ]
492952;REFAZER 2 CRUZAMENTO AEREO,  [PS=619150454 V4X4=NAO  CESTO=SIM  LV=NAO  CHVAB=SIM  JUMPAB=SIM  RISCOACID=NAO  CONSDESLIG=SIM  AVARIANAREDE=SIM   TODAREDEINSP=SIM  FONTESUB=NAO]  PS=619150454,REFAZER CRUZAMENTO AEREO=3  [PS=619150454,5-CABO  AL NU 4/0  ]
492954;JUMPER DE BR ABERTO NO PS 621818755 TRAZER CABO 2 AWG E ALCA DE REDE TRAFO FICOU FECHADO SE POSSIVEL FAZER COM CESTO,  [PS=621818755 V4X4=NAO  CESTO=SIM  LV=NAO  CHVAB=NAO  JUMPAB=SIM  RISCOACID=NAO  CONSDESLIG=SIM  AVARIANAREDE=SIM   TODAREDEINSP=SIM  FONTESUB=NAO]  PS=621818755,RETIRAR GALHOS/CASCAS DA REDE=5 PS=621818755,EMENDAR CONDUTOR(ES=3  [PS=621818755,15-CABO AL NU 2 AWG  ]
492957;GERAR NDS PARA MANUTENCAO RETIRAR GALHO DE GRANDE PORTE DE EUCALIPTO SOBRE A REDE E FAZER ROCADA DE BAMBU PROX AO TR G2344, FOI ABERTO GLV NO PS 952012174 E FECHADO A CF 11915 AS 11:28 HRS, LOCAL DE DIFICIL ACESSO.,  [PS=561655537 V4X4=SIM  CESTO=NAO  LV=NAO  CHVAB=NAO  JUMPAB=SIM  RISCOACID=NAO  CONSDESLIG=SIM  AVARIANAREDE=SIM   TODAREDEINSP=SIM  FONTESUB=NAO]  PS=561655537,RETIRAR GALHOS/CASCAS DA REDE=1  [PS=561655537,1-CABO  AL NU CAA  4 AWG - COM ALMA  ]
492959;EM MENDAR CABO DE BT CRUZAMENTO AERE TRAFO FICOU ABERTO 83240A0527,  [PS=775758741 V4X4=SIM  CESTO=SIM  LV=NAO  CHVAB=NAO  JUMPAB=NAO  RISCOACID=NAO  CONSDESLIG=SIM  AVARIANAREDE=SIM   TODAREDEINSP=SIM  FONTESUB=NAO]  PS=775758741,EMENDAR CONDUTOR(ES=1  
492961;RETIRAR GALHOS DE GRANDE PORTE  NA REDE BT  PONTAS NA AT COMPACTA NECESSARIO CESTO E CAMINHQ MUNK,  [PS=619644340 V4X4=NAO  CESTO=SIM  LV=NAO  CHVAB=SIM  JUMPAB=NAO  RISCOACID=SIM  CONSDESLIG=SIM  AVARIANAREDE=SIM   TODAREDEINSP=NAO  FONTESUB=NAO]  PS=619644340,PODAR ARVORE=1 PS=619644340,APRUMAR POSTE=1  
492965;GERAR PRA LINHA VIVA TAR RETIRADO TELA DE PROTECAO SOBRE A RD COM PICO PRA FICAR MENOS TEMPO POSSIVEL ENTRE A GM 8177610792 AO TR V0025  COM RD MORTA SO TEM O TR DE PONTO DE ATERAMENTO,  [PS=610932890 V4X4=NAO  CESTO=NAO  LV=SIM  CHVAB=NAO  JUMPAB=NAO  RISCOACID=NAO  CONSDESLIG=NAO  AVARIANAREDE=SIM   TODAREDEINSP=NAO  FONTESUB=NAO]  PS=610932890,SUBSTITUIR ESPACADOR LOSANGULAR=1  
492967;REFAZER VAO DE BT ENTRE OS PS 57000956 ATE 620066672,  [PS=620066672 V4X4=NAO  CESTO=SIM  LV=NAO  CHVAB=SIM  JUMPAB=NAO  RISCOACID=NAO  CONSDESLIG=SIM  AVARIANAREDE=SIM   TODAREDEINSP=SIM  FONTESUB=NAO]  PS=620066672,REFAZER CRUZAMENTO AEREO=1  [PS=620066672,50-QUADRUPLEX AL 50 MM2  ]
492969;ARVORE DE GRANDE PORTE, GALHO RACHOU E CAIU SOBRE RAMAL AEREO, NECESSARIO TRAZER MOTOSSERA E VIR COM VEICULO DE CESTO AEREO.,  [PS=611300137 V4X4=NAO  CESTO=SIM  LV=NAO  CHVAB=NAO  JUMPAB=NAO  RISCOACID=SIM  CONSDESLIG=NAO  AVARIANAREDE=SIM   TODAREDEINSP=SIM  FONTESUB=NAO]  PS=611300137,PODAR ARVORE=1  
492979;GERAR NDS PARA EMENDA DE CABO PROTEGIDO 35MM ROMPIDO NO PS 600947783 TRAZER MATERIAIS PARA EMENDA DO CONDUTOR OBS CABO CORREU NAS AMARRACOES UNS 4 VAO CHAVE SU 19272 ESTA ABERTA LOCAL DE BOM ACESSO NA BEIRA DA ESTRADA,  [PS=600947783 V4X4=SIM  CESTO=NAO  LV=NAO  CHVAB=SIM  JUMPAB=NAO  RISCOACID=NAO  CONSDESLIG=SIM  AVARIANAREDE=SIM   TODAREDEINSP=SIM  FONTESUB=NAO]  PS=600947783,EMENDAR CONDUTOR(ES=1  [PS=600947783,2-CABO DE ALUM. COBERTO 15KV 35MM  ]
492982;REFASER CRUSAMENTO AERIO QUE ESTA ROMPIDO O JAMPER DE UMA DAS FASE,  [PS=812862588 V4X4=SIM  CESTO=SIM  LV=NAO  CHVAB=NAO  JUMPAB=NAO  RISCOACID=NAO  CONSDESLIG=NAO  AVARIANAREDE=SIM   TODAREDEINSP=SIM  FONTESUB=NAO]  PS=812862588,REFAZER CRUZAMENTO AEREO=1  
492984;FAVOR GERAR NDS PARA TROCA DE POSTES NO PS 614994706 E PS 614994705 FICOU ABEERTO RA 05411 ENTRACA E SAIDA NECESSARIO CAMINHAO 4X4 LAVOURA,  [PS=614994706 V4X4=SIM  CESTO=NAO  LV=NAO  CHVAB=SIM  JUMPAB=NAO  RISCOACID=NAO  CONSDESLIG=SIM  AVARIANAREDE=SIM   TODAREDEINSP=NAO  FONTESUB=NAO]  PS=614994706,POSTE AVARIADO/ABALROADO (SUBSTITUIR=2  
492987;REFAZER REDE  DO PS 626841711 AO 626841716  CHAVE ABERTA 10315 E 10313 , DOIS POSTE QUEBRADO NA ALTURA DOS BURACOS  1 ACHO QUE PODESER REBAIXADO  BASTANTE SERVICO PARA MANUTENCAO, LOCAL DE DIFI EL ACESSO  CAMINHAO NAO ENTRA MUITO MOLHADO,  [PS=626841716 V4X4=NAO  CESTO=NAO  LV=NAO  CHVAB=SIM  JUMPAB=NAO  RISCOACID=NAO  CONSDESLIG=SIM  AVARIANAREDE=SIM   TODAREDEINSP=SIM  FONTESUB=SIM]  PS=626841716,POSTE AVARIADO/ABALROADO (SUBSTITUIR=02 PS=626841716,EMENDAR CONDUTOR(ES=03 PS=626841716,CORTAR ARVORE COM MOTOSSERRA=01 PS=626841716,TRANSFORMADO QUEIMADO=0  [PS=626841716,2-POSTE FIBRA VIDROF/ 300/12  PS=626841716,4-CRUZETA POSTE CONCRETO L=2000MM  PS=626841716,9-ISOL PILAR PORCELANA 35 KV  ]
492988;EMENDAR CONDUTOR DA FASE B ROMPIDO EM 1 VAO, LIVRE ACESSO ATE A ESTRUTURA N4, NECESSARIO ROCADA PARA CHEGAR ATE A OUTRA PARTE DO CONDUTOR ROMPIDO, CABO 4AWG, TRECHO DESENERGIZADO, COD CIENTE,  [PS=949777929 V4X4=SIM  CESTO=NAO  LV=NAO  CHVAB=SIM  JUMPAB=NAO  RISCOACID=NAO  CONSDESLIG=SIM  AVARIANAREDE=SIM   TODAREDEINSP=SIM  FONTESUB=NAO]  PS=949777929,EMENDAR CONDUTOR(ES=1  [PS=949777929,20-CABO  AL NU CAA  4 AWG - COM ALMA  ]
492991;SUBSTITUIR CABO NU, POR CABO MULTIPLEXADO 50MM. ENTRE OS PS 57000956 ATE 620066672 REFAZER CRUZAMENTO PODAR ALGUNS GALHO NESSE VAO.,  [PS=620066672  V4X4=NAO  CESTO=SIM  CHVAB=SIM  JUMPAB=NAO  LV=NAO  CONSDESLIG=SIM  RISCOACID=NAO  AVARIANAREDE=SIM  TODAREDEINSP=SIM  FONTESUB=NAO]  PS=620066672,REFAZER CRUZAMENTO AEREO=1 PS=620066672,PODAR ARVORE=3  [PS=620066672,50-QUADRUPLEX AL 50 MM2  ]
492992;EMENDA CABO NO PS 580769916 , FAZER ROCADA  NO TRECHO   FOI ISOLADO CABO PELAS CH 59076 E 59273, TRAZER UNS 5 M DE CABO 4AWG,  ACESSO BOM  FOTO NO GRUPO NDS,  [PS=580769916 V4X4=SIM  CESTO=NAO  LV=NAO  CHVAB=SIM  JUMPAB=NAO  RISCOACID=NAO  CONSDESLIG=SIM  AVARIANAREDE=SIM   TODAREDEINSP=SIM  FONTESUB=SIM]  PS=580769916,FAZER ROCADA=10 PS=580769916,APRUMAR POSTE=01 PS=580769916,EMENDAR CONDUTOR(ES=10 PS=580769916,TRANSFORMADOR COM VAZAMENTO=01  [PS=580769916,5-CABO  AL NU CAA  4 AWG - COM ALMA  ]
492994;REF SERVICO 50530426 GERAR NDS TROCAR POSTE  04 POSTE B600 13,5M  10 CRUZETA CONCRETO  5 CHAPAO ISOLADOR  3 PARA RAIO SERVICO     :
492995;OK FAVOR GERAR NDS PARA EMEMDA DE CABO 3X2,25 NO PS 626960474 AO 774030816 E FICOU ABERTO UM JAMP NO PS 626960468 E FAZER ROSADA E PODAS DE ARVORES LUGAR DE DEFICIL ACESSO E REFAZER O JUMP,  [PS=626960468 V4X4=SIM  CESTO=NAO  LV=NAO  CHVAB=NAO  JUMPAB=SIM  RISCOACID=NAO  CONSDESLIG=SIM  AVARIANAREDE=SIM   TODAREDEINSP=NAO  FONTESUB=NAO]  PS=626960468,EMENDAR CONDUTOR(ES=2 PS=626960468,CORTAR ARVORE COM MOTOSSERRA=20 PS=626960468,FAZER ROCADA=30  [PS=626960468,10-CABO  ACO 3.2.25 - 4,87 MM 3 FIOS  ]
492999;REFAZER CRUZAMENTO AEREO POIS ROMPEU UMA DAS CONEXOES,  [PS=772434052 V4X4=NAO  CESTO=SIM  LV=SIM  CHVAB=NAO  JUMPAB=NAO  RISCOACID=SIM  CONSDESLIG=NAO  AVARIANAREDE=SIM   TODAREDEINSP=NAO  FONTESUB=NAO]  PS=772434052,REFAZER CRUZAMENTO AEREO=2  
493001;TROCAR POSTES E,  [PS=110494326 V4X4=SIM  CESTO=SIM  LV=NAO  CHVAB=NAO  JUMPAB=NAO  RISCOACID=SIM  CONSDESLIG=SIM  AVARIANAREDE=SIM   TODAREDEINSP=NAO  FONTESUB=NAO]  PS=1104943269,POSTE AVARIADO/ABALROADO (SUBSTITUIR=4 PS=1104943269,PODAR ARVORE=0 PS=1104943269,EMENDAR CONDUTOR(ES=99 PS=1104943269,TRANSFORMADOR AVARIADO=0  [PS=1104943269,10-CRUZETA POSTE CONCRETO L=2000MM  PS=1104943269,4-POSTE, CONCRETOB   /600/13,5  PS=1104943269,12-ISOL PILAR PORCELANA 35 KV  PS=1104943269,99-FIO DE ALUMINIO COBERTO P/AMARRACAO  ]
493005;COD, FAVOR GERAR NDS PARA UMAFBL EFETUAR A EMENDA DE CABOS 35MM XLPE ROMPIDOS POR RAIO NO PS 608114073 E EFETUAR A RECALIBRAGEM DOS MESMOS. TRAZER UNS 10M DE CABO, UM ISOLADOR PILAR PORCELANA E UM PARA RAIO DA 34KV. ENVIADO FOTOS PARA O TEC. LUIZ. (SERVICO DE EMERGENCIA)
493007;PROGRAMAR COM LV. SUBSTITUICAO DE CHAVE COM DEFEITO, AO FAZER TESTE EM UMA DAS FASES ACABA ABRINDO AS DEMAIS, SUPORTE NAO SEGURA A CHAVE FECHADA. A MESMA SE ENCONTRA FECHADA PELO BYPASS COM ELO 25K.,  [PS=950280967 V4X4=NAO  CESTO=SIM  LV=SIM  CHVAB=NAO  JUMPAB=NAO  RISCOACID=NAO  CONSDESLIG=NAO  AVARIANAREDE=SIM   TODAREDEINSP=SIM  FONTESUB=NAO]  PS=950280967,SUBSTITUIR CHAVE UNIPOLAR=3  [PS=950280967,3-CHAVE TRIP. OPER./CARGA 15K 630A MAN.  ]
493010;PS 791475476 NI DN3 QUEBRADO TROCAR NESCESSARIO POSTE DE FRIBRA NO PS 791474111 FICOU GLV ABERTO DERIVACAO PS QUEBRADO SEM ACESSO COM CAMINHAO   CABO 3,25MM CHAVE PRINCIPAL CR 8324005115 ESTA FECHADA GLV ABERTO NO PS 791474111, 14 CLIENTES DESLIGADOS [PS=791475476 V4X4=NAO  CESTO=NAO  LV=NAO  CHVAB=SIM  JUMPAB=SIM  RISCOACID=SIM  CONSDESLIG=SIM  AVARIANAREDE=SIM   TODAREDEINSP=SIM  FONTESUB=NAO]  PS=791475476,POSTE AVARIADO/ABALROADO (SUBSTITUIR=1  [PS=791475476,1-POSTE,FIBRA VIDRO F/600/12,0M CIRC/QUAD  ]
493011;FALADO COM TECNICO ALEXANDRE PEDIU PRA GERAR NDS E PASSAR INFORMACOES SOBRE RA2474, FICOU ABERTO ENTRE AS SU 2398 E 2401 DA PARTE DA 13,8 E NA PARTE DA 34,5 AS 83846 E A 81854 PS QUEBRADP 2 NIVEL E 1103471018 RA 2474 ESTA ABERTO SEM CONTATO COM COD PRQ FECHAR O MESMO (SERVICO DE EMERGENCIA)
493014;POSTE QUEBRADO E CRUZETAS NO PS 1103471018 TRAZER SUPPRTE DE PARA RAIOS QUEBROU E 2 MAO FRANCESSAS QUE INTORTOU ,O 2 POSTE DO PS 1103473261 ESTA TRINCADO DE CIMA EM BAIXO SUBSTITUIR TAMBEM,
493017;EMENDA CABO DE BT TR 89180T1730,   PS 617198058. TR ABERTOCANCELAR NDS - DEFEITO FOI ATENDIDO PELA BSC  (MOSKO DA OPERACAO
493019;GERAR NDS PARA EMENDA DE CONDUTOR CAA 20 AWG, FASE C ROMPIDA, NE CESSARIO CORRIGIR CAUSA (POSTE TELEFONIA EM QUE FASE C TOCA COM VENTO, JA CAUSOU ATUACAO DA PROTECAO EM ENV3NTOS ANTERIOORES, SUGESTAO REALOCAR POSTE TELEFONIA.,- PS 851281827
493020;EMENDA DE CABO BT CIRCUITO DO TE 89180T0201, PS 616842292
493023;COLOCA CABO NO ISOLARDO NO PS DA CH 9309 E NO PS 939092726 NESSE PS TERA QUE TROCA O POSTE TAMBEM O MESMO TA TRICANDO NO PE.COLOCA CABO ISOLADO NO PS 599524888 REDE NOVA .FICARAM ABERTO E SINALIZADO COM PLACA CH 12182,81521,RAS 81762,81760.ACESSO PRA CAMINHAO [PS=939092648 V4X4=NAO  CESTO=SIM  LV=SIM  CHVAB=SIM  JUMPAB=NAO  RISCOACID=NAO  CONSDESLIG=SIM  AVARIANAREDE=NAO   TODAREDEINSP=SIM  FONTESUB=SIM]  PS=939092726,POSTE AVARIADO/ABALROADO (SUBSTITUIR=1 PS=939092726,REFAZER CONEXAO NA REDE=1 PS=939092726,PODAR ARVORE=0 PS=939092726,EMENDAR CONDUTOR(ES=0 PS=939092726,TRANSFORMADO QUEIMADO=0  [PS=939092648,2-ISOL PILAR PORCELANA 35 KV  PS=939092726,1-POSTE DUPLO T B/300/12,0M  ]
493024;GERADO NDS PARA FAZER EMENDA DE CONDUTOR ENTRE OS PS 1104816816 AO PS  1104817418 TRAZER CABO E ISOLADOR PIKAR 34
493025;FAVOR GERAR NDS PARA MANUTENCAO LINHA VIVA REFAZER CONEXAO DO ESTRIBO, GLV FICOU NO CABO, TR G6978 (SERVICO DE EMERGENCIA)
493032;EMENDAR CONDUTORES, TR FECHADO NO LOCAL , VAO APENAS FOI INTERROPINDO SEPARANDO TR , APENAS O VAO QUE ALIMENTA ILUMINACAO PUBLICA , RETIRAR ARVORE DA TELEFONIA E TENCIONAR REDE COMPACTA ALIMENTADOR,  [PS=620016823 V4X4=NAO  CESTO=SIM  LV=NAO  CHVAB=NAO  JUMPAB=NAO  RISCOACID=NAO  CONSDESLIG=NAO  AVARIANAREDE=SIM   TODAREDEINSP=SIM  FONTESUB=SIM]  PS=620016823,EMENDAR CONDUTOR(ES=4  [PS=620016823,4,4-CABO AL NU 2 AWG  ]
493035;EMENDAR CABO DE BT NO CIRCUITO DO TR 89180L1115, PS 617261475 (SERVICO DE EMERGENCIA)
493036;CABOS ROMPIDOS NO PS 941887678, 41 CLIENTES SEM LUZ, CHAVE 81247 E 8177605240 ABERTAS.
493038;FAVOR GERAR NDS PARA EMENDA DE CABO 4AWG DO PS 784137288 ATE O PS 624908969 TRONCO DO RA 50070 ESTA DESLIGADO DO RA50070 ATE A SU 8706,NECESARIO CORTAR ARVORE NO LOCAL PARA EMENDAR CABO. EM MEIO A LAVOURA RUIM ACESO (SERVICO DE EMERGENCIA)
493039;GERADO NDS PARANEMENDA DE CABO NO PS 939426435 O MESMO CAIU UMA ARVORE DE GRANDE PORTE E ROMPEU TODO OS CABOS,  [PS=939426435 V4X4=SIM  CESTO=NAO  LV=NAO  CHVAB=SIM  JUMPAB=NAO  RISCOACID=NAO  CONSDESLIG=SIM  AVARIANAREDE=NAO   TODAREDEINSP=SIM  FONTESUB=NAO]  PS=939426435,EMENDAR CONDUTOR(ES=3  [PS=939426435,3-CABO AL NU 4 CA AWG - SEM ALMA  ]
493041;FAVOR GERAR NDS PARA EMENDAR CABO ROMPIDO NO PS 617701584 ALIM CAFE. CHAVES 6310 E 2692 FICARAM ABERTAS. ALIM TUPASSI PASSA NO MESMO PS NO CABO ROMPIDO. FACIL ACESSO. (SERVICO DE EMERGENCIA)
493043;GERAR NDS PARA MANUTENCAO TROCAR POSTE DE 600 DE 12 QUEBROU PS 548229679 LIVRE ACESSO POSTE ESTA NA ESTRADA ESTRUTURA REAPLICA OK FOI ABERTO UMA LAMINA NO PS 948422869 NAO ESTA CADASTRADA NO GPS CHAVE 8397227762 FICOU FECHADA OK,  [PS=548229679 V4X4=SIM  CESTO=SIM  LV=SIM  CHVAB=NAO  JUMPAB=SIM  RISCOACID=NAO  CONSDESLIG=SIM  AVARIANAREDE=SIM   TODAREDEINSP=SIM  FONTESUB=NAO]  PS=548229679,POSTE AVARIADO/ABALROADO (SUBSTITUIR=1  
493044;ABERTO GLV NO PS 793474814 PARA ISOLAR DEFEITO. BOM ACESSO ENVIADO FOTOS. FICOU ABERTA A LA 9570 E ALIMENTADO PELO RA 11126.,  [PS=773250548 V4X4=SIM  CESTO=NAO  LV=NAO  CHVAB=SIM  JUMPAB=SIM  RISCOACID=NAO  CONSDESLIG=SIM  AVARIANAREDE=SIM   TODAREDEINSP=NAO  FONTESUB=NAO]  PS=773250548,EMENDAR CONDUTOR(ES=1  
493046;TRAZER 20 LUVABDEVEMENDA 2WG  20 METROS DE CABO 2WG  TR F1136 FICOU FECHADO NO LOCAL ATE  PS 619493529 FICOUNABERTO UMA S4  TRAZER UM POSTE D150  10,5,  [PS=619493401 V4X4=NAO  CESTO=SIM  LV=NAO  CHVAB=SIM  JUMPAB=SIM  RISCOACID=SIM  CONSDESLIG=SIM  AVARIANAREDE=SIM   TODAREDEINSP=SIM  FONTESUB=NAO]  PS=619493401,EMENDAR CONDUTOR(ES=20 PS=619493401,POSTE AVARIADO/ABALROADO (SUBSTITUIR=1 PS=619493401,CORTAR ARVORE COM MOTOSSERRA=1 PS=619493401,TRANSFORMADOR AVARIADO=1  [PS=619493401,1-POSTE DUPLO T D/150/10.5 M  ]
493049;POSTE CAIDO COM TR POREM JA TEM OUTRO POSTE QUE VAI SER INSTALADO TR EM LOTEAMENTO NOVO, CLIENTE NAO TA UTILIZANDO ENERGIA DO TR DISSE QUE NAO TEM PRESSA, CHAVE 9330 FICOU ABERTA,  [PS=943316751 V4X4=NAO  CESTO=SIM  LV=NAO  CHVAB=SIM  JUMPAB=NAO  RISCOACID=SIM  CONSDESLIG=SIM  AVARIANAREDE=SIM   TODAREDEINSP=SIM  FONTESUB=NAO]  PS=943316751,POSTE IRREGULAR (SUBSTITUIR/REALOCAR=01 PS=943316751,PODAR ARVORE=0 PS=943316751,EMENDAR CONDUTOR(ES=0 PS=943316751,TRANSFORMADOR AVARIADO=01  
493050;REFAZER 2 CRUZAMENTOS AEREOS UM NO PS 621876667 E OUTRO COM LINHA VIVA NO PS 593902236,  [PS=621876667 V4X4=NAO  CESTO=SIM  LV=SIM  CHVAB=SIM  JUMPAB=NAO  RISCOACID=NAO  CONSDESLIG=SIM  AVARIANAREDE=SIM   TODAREDEINSP=SIM  FONTESUB=NAO]  PS=621876667,REFAZER CRUZAMENTO AEREO=2  
493052;GERAR NDS PASSAR MANUTENCAO IMENDA CABOS PS 549735166 PS APOS SVN 21 VAOS CHAO,TBM NO PS 952535966 ATENDIDO 497 VARIOS VAOS,  [PS=549735166 V4X4=NAO  CESTO=NAO  LV=NAO  CHVAB=SIM  JUMPAB=NAO  RISCOACID=NAO  CONSDESLIG=SIM  AVARIANAREDE=SIM   TODAREDEINSP=NAO  FONTESUB=NAO]  PS=549735166,EMENDAR CONDUTOR(ES=1  
493054;**UREGENTE - GERAR NDS PRA REFAZER JUMPER NO CRUZAMENTO AERIO CHAVE TR 83216F3439 PS626507778,  [PS=626407778 V4X4=NAO  CESTO=SIM  LV=SIM  CHVAB=SIM  JUMPAB=SIM  RISCOACID=NAO  CONSDESLIG=SIM  AVARIANAREDE=NAO   TODAREDEINSP=NAO  FONTESUB=NAO]  PS=626407778,SUBSTITUIR GLV (S=1  
493058;NDS PARA CORTE DE GALHO DE GRANDE PORTE DE SOBRE A REDE BT ENROSCADO NO POSTE E EMENDA DE CABO DE BT ROMPIDO, TRAFO FICOU ABERTO COM PORTA FUSIVEIS NO PE DO PS DO TRAFO.FACIL ACESSO.,  [PS=617320724 V4X4=NAO  CESTO=NAO  LV=NAO  CHVAB=SIM  JUMPAB=NAO  RISCOACID=NAO  CONSDESLIG=SIM  AVARIANAREDE=SIM   TODAREDEINSP=SIM  FONTESUB=NAO]  PS=617320724,EMENDAR CONDUTOR(ES=1 PS=617320724,RETIRAR GALHOS/CASCAS DA REDE=2  
493059;MANUTENCAO EMENDAR CABO 4AWG NO PS 782505025 E PS 776542063 CHAVE 90112 FICOU ABERTA ESTA LIGADA ATE ELA E TEMBEM EMENDAR NO TRIFASICO NOVO CABO 35 PROXIMO AO TR 49845 OBS NAO APRECE O PS GPS A CAHAVE 78024 FICOU ABERTA E A 78069 TAMEBEM ABERTA SEM CONTATO COM O COD
493060;FAVOR GERAR NDS PRA EMENDA DE CONDUTOR DE MT CAA4 , NESSESARIO FAZER ROSADA  DE GRANDE PORTE , LOCAL DE FACIL ACESSK PRA CAMIONETA 4X4 , CHAVE FICOU DESLIGADACOM PORTA FUSIVEIS NO PE DO POSTE , NAO TEM GLV NA DERIVASAO PRA ABERTURA ,,  [PS=796406124 V4X4=SIM  CESTO=NAO  LV=NAO  CHVAB=SIM  JUMPAB=NAO  RISCOACID=NAO  CONSDESLIG=SIM  AVARIANAREDE=SIM   TODAREDEINSP=NAO  FONTESUB=NAO]  PS=796406124,FAZER ROCADA=99 PS=796406124,EMENDAR CONDUTOR(ES=1  [PS=796406124,10-CABO  AL NU CAA  4 AWG - COM ALMA  ]
493066;NECESSARIO FAZER EMENDA DE CABO E FECHAR JUMPERS NO PS 783916289 ATE O PS 783916125 FICOU LIGADO PELO DOIS LADOS,PREFERENCIALMENTE FAZER COM LV TEM ACESO BOM PARA CAMINHAO AO LADO DO CALCAMENTO,APENAS O RAMAL DO TR U0261 DESLIGADO,  [PS=783916289 V4X4=NAO  CESTO=SIM  LV=SIM  CHVAB=NAO  JUMPAB=SIM  RISCOACID=NAO  CONSDESLIG=SIM  AVARIANAREDE=SIM   TODAREDEINSP=SIM  FONTESUB=SIM]  PS=783916289,EMENDAR CONDUTOR(ES=2 PS=783916289,REFAZER JUMPER=6  
493067;GERADA NDS PARA EMENDA DE CABO DE AT DO PS 951134801 ATE PS 951134807 TRECHO MANOBRADO ACESSO BOM ABERTO RA 25279 CHAVE 6210 E A 4919,  [PS=951134801 V4X4=SIM  CESTO=NAO  LV=NAO  CHVAB=SIM  JUMPAB=NAO  RISCOACID=NAO  CONSDESLIG=SIM  AVARIANAREDE=SIM   TODAREDEINSP=SIM  FONTESUB=NAO]  PS=951134801,EMENDAR CONDUTOR(ES=2  
493068;FAVOR PASSAR PARA MANUTENCAO SUBSTITUIR O TR V7877 .TRIF 13,8 75KVA TR ESTA QUEIMADO FEITOS TESTE A VASIO NAO ACEITOU ,E COLOCAR OS CABOS DE AT NO NINJA CABOS NO PS 597550394 ESTAO BATENDO VAO SOLTO ,CH FICOU LIGADA NAO A RISCO,  [PS=597550439 V4X4=NAO  CESTO=SIM  LV=NAO  CHVAB=NAO  JUMPAB=NAO  RISCOACID=NAO  CONSDESLIG=SIM  AVARIANAREDE=SIM   TODAREDEINSP=SIM  FONTESUB=NAO]  PS=597550439,TRANSFORMADO QUEIMADO=1  [PS=597550439,1-TRANF. TRIF. 13.2 KV    75 KVA  ]
493070;EMENDA DE CONDUTORES ACESSO PELA ROCA,  [PS=947421664 V4X4=NAO  CESTO=NAO  LV=NAO  CHVAB=NAO  JUMPAB=NAO  RISCOACID=NAO  CONSDESLIG=SIM  AVARIANAREDE=SIM   TODAREDEINSP=SIM  FONTESUB=NAO]  PS=947421664,EMENDAR CONDUTOR(ES=1  [PS=947421664,1-CABO AL NU 4 CA AWG - SEM ALMA  ]
493076;GERAR NDS PARA MANUTENCAO TROCAR POSTE DE 600 DE 12 QUEBROU PS 548229679 LIVRE ACESSO POSTE ESTA NA ESTRADA ESTRUTURA REAPLICA OK FOI ABERTO UMA LAMINA NO PS 948422869 NAO ESTA CADASTRADA NO GPS CHAVE 8397227762 FICOU FECHADA OK,  [PS=548229679  V4X4=SIM  CESTO=SIM  CHVAB=NAO  JUMPAB=SIM  LV=SIM  CONSDESLIG=SIM  RISCOACID=NAO  AVARIANAREDE=SIM  TODAREDEINSP=SIM  FONTESUB=NAO]  PS=548229679,POSTE AVARIADO/ABALROADO (SUBSTITUIR=1  
493079;CABOS PROTWGIDOS ROMPIDOS CABO 2AWG COBERTO XLP, ACESSO BOM ,PS 610934746 TRECHO ISOLADO,  [PS=610935317 V4X4=SIM  CESTO=SIM  LV=NAO  CHVAB=SIM  JUMPAB=NAO  RISCOACID=SIM  CONSDESLIG=SIM  AVARIANAREDE=SIM   TODAREDEINSP=SIM  FONTESUB=NAO]  PS=610935317,EMENDAR CONDUTOR(ES=4 PS=610935317,RETENSIONAR CONDUTOR=3  
493080;FAVOR GERAR NDS PARA EMENDAR CONDUTOR PARA SEXTO AEREO FAZER DE MT ROMPIDO DEVIDO POSTE NAO ESTAR NA FUNDURA PADRAO ESTA COM 70 CM ENTERRADO OMDE D3VERIA ESTAR COM 1.60 EQUIPE DA AGENCIA FAZ NA BEIRADA DO CALCAMENTO OU MANUTENCAO PRA REAFUNDAR PS 943587653,  [PS=943587653 V4X4=NAO  CESTO=SIM  LV=NAO  CHVAB=SIM  JUMPAB=NAO  RISCOACID=NAO  CONSDESLIG=SIM  AVARIANAREDE=SIM   TODAREDEINSP=SIM  FONTESUB=NAO]  PS=943587653,EMENDAR CONDUTOR(ES=1  
493082;NDS PARA EMNDAR CONDUTOR MT, PRIMEIRO NIVEL REDE COMPACTA SEGUNDO NIVEL CRUZAMENTO AERIO CABO 02 FONTE DA CF 8918009381 TRECHO ISOLADO PS DEFEITO 623373798,  [PS=561656439 V4X4=NAO  CESTO=SIM  LV=NAO  CHVAB=SIM  JUMPAB=NAO  RISCOACID=NAO  CONSDESLIG=SIM  AVARIANAREDE=SIM   TODAREDEINSP=SIM  FONTESUB=SIM]  PS=561656439,EMENDAR CONDUTOR(ES=1  [PS=561656439,3-CABO AL NU 2 AWG  PS=561656439,1-CABO  AL NU CAA 2/0 AWG - COM ALMA  ]
493084;EMENDAR  CABOS DE AT CHAVE 23864 FICOU ABERTA 606254502 E PS 627127832 CABO 4 MM TRAZER 10 METROS  E NO PS 627127828 PS 771515283 CABOS 3.25 TRASER 4M TR 33670 PARA RAIO ESTOURADO TRAZER 1 BASTAO E 1 ISOLADOR DA 34
493085;FAVOR GERAR NDS PARA SUBISTITUIR TR COM VAZAMENTO DE OLEO FICO DESLIGADO TRAZER UM TR DE 10 KVA NA 34 TR EO B6041 NO PS 774957840 VERIFICAR DISTANCIA DA AUTA SE PRECISA ABRIR 02069,  [PS=774957840 V4X4=SIM  CESTO=NAO  LV=NAO  CHVAB=NAO  JUMPAB=NAO  RISCOACID=NAO  CONSDESLIG=SIM  AVARIANAREDE=SIM   TODAREDEINSP=SIM  FONTESUB=NAO]  PS=774957840,TRANSFORMADOR AVARIADO=1  
493086;FAVOR GERAR NDS PARA SUBISTITUIR TR COM VAZAMENTO DE OLEO FICO DESLIGADO TRAZER UM TR DE 10 KVA NA 34 TR EO B6041 NO PS 774957840 VERIFICAR DISTANCIA DA AUTA SE PRECISA ABRIR 02069,  [PS=774957840  V4X4=SIM  CESTO=NAO  CHVAB=NAO  JUMPAB=NAO  LV=NAO  CONSDESLIG=SIM  RISCOACID=NAO  AVARIANAREDE=SIM  TODAREDEINSP=SIM  FONTESUB=NAO]  PS=774957840,TRANSFORMADOR AVARIADO=1  
493088;FAVOR GERAR NDS PARA EMENDA DE CONDUTOR NO PS 897860752 LOCALFACIL ACESSO REDE MANOBRADA,  [PS=897860752 V4X4=SIM  CESTO=SIM  LV=NAO  CHVAB=SIM  JUMPAB=NAO  RISCOACID=NAO  CONSDESLIG=SIM  AVARIANAREDE=SIM   TODAREDEINSP=NAO  FONTESUB=NAO]  PS=897860752,EMENDAR CONDUTOR(ES=1  
493091;NDS PARA TROCA DE PS E CRUZETA, POSTE ESTAVA NA VALETA ONDE CORRE AGUA, OCASIONANDO A QUEDA, PS AO LADO DA ESTRADA FACIL ACESSO CHAVE LA 8324018245 FICOU ABERTA ISOLANDO,  [PS=576841804 V4X4=NAO  CESTO=NAO  LV=NAO  CHVAB=SIM  JUMPAB=NAO  RISCOACID=SIM  CONSDESLIG=SIM  AVARIANAREDE=SIM   TODAREDEINSP=SIM  FONTESUB=NAO]  PS=576841804,POSTE AVARIADO/ABALROADO (SUBSTITUIR=1 PS=576841804,SUBSTITUIR CRUZETA(S=1  [PS=576841804,1-CRUZETA POSTE CONCRETO L=2000MM  PS=576841804,1-POSTE DUPLO T B/300/12,0M  ]
493092;REAPERTAR CHAVE 1024 FASE B FROXA,  [PS=895410641 V4X4=NAO  CESTO=SIM  LV=SIM  CHVAB=NAO  JUMPAB=NAO  RISCOACID=NAO  CONSDESLIG=NAO  AVARIANAREDE=SIM   TODAREDEINSP=SIM  FONTESUB=SIM]  PS=895410641,SUBSTITUIR CHAVE UNIPOLAR=1  
493093;CABO ROPIDO NO PS 897860752 - LEVAR CABO E LUVAS
493097;CABO DE BT ROMPIDO, NECESSARIO PODAR VARIAS ARVORES PARA EMENDAR O CABO.,  [PS=611136854 V4X4=NAO  CESTO=SIM  LV=NAO  CHVAB=SIM  JUMPAB=NAO  RISCOACID=NAO  CONSDESLIG=SIM  AVARIANAREDE=SIM   TODAREDEINSP=SIM  FONTESUB=NAO]  PS=611136854,EMENDAR CONDUTOR(ES=1  
493099;PASSAR PARA CESTO BSCMED REFAZER JUMPER DO TR F3409,  [PS=553630774  V4X4=NAO  CESTO=SIM  CHVAB=NAO  JUMPAB=NAO  LV=NAO  CONSDESLIG=SIM  RISCOACID=NAO  AVARIANAREDE=SIM  TODAREDEINSP=SIM  FONTESUB=NAO]  PS=553630774,REFAZER JUMPER=1  
493101;REFAZER JUMPER DA FASE. B NA CR 8918006206 E EMENDA CABO ROMPIDO FASE C NO PS 616072302, ALIMENTADOR DAMASQUEIRO,  [PS=616072295 V4X4=SIM  CESTO=SIM  LV=NAO  CHVAB=SIM  JUMPAB=NAO  RISCOACID=NAO  CONSDESLIG=SIM  AVARIANAREDE=SIM   TODAREDEINSP=SIM  FONTESUB=SIM]  PS=616072295,REFAZER JUMPER=1 PS=616072295,EMENDAR CONDUTOR(ES=1  [PS=616072295,5-CABO  AL NU CAA  4 AWG - COM ALMA  ]
493104;PS=553630774,REFAZER JUMPER=1  [PS=553630774 V4X4=NAO  CESTO=SIM  LV=NAO  CHVAB=NAO  JUMPAB=NAO  RISCOACID=NAO  CONSDESLIG=SIM  AVARIANAREDE=SIM   TODAREDEINSP=SIM  FONTESUB=NAO]  PS=553630774,REFAZER JUMPER=1  
493109;CABO DE BT ROMPIDO, NECESSARIO PODAR 4 ARVORES PARA EMENDAR O CABO, TRAZER MOTOSSERA.,  [PS=611136854 V4X4=NAO  CESTO=SIM  LV=NAO  CHVAB=SIM  JUMPAB=NAO  RISCOACID=NAO  CONSDESLIG=SIM  AVARIANAREDE=SIM   TODAREDEINSP=SIM  FONTESUB=NAO]  PS=611136854,EMENDAR CONDUTOR(ES=1  
493110;EMENDAR CABO DE ACO 3,09, TRAZER EMENDA E BASTAO DA 34. NECESSARIO ABRIR CHAVE 8324021849 PARA REALIZAR SERVICO. CHAVE ABERTA 8324026513 FECHADA TRIP ATE A MESMA AS 15:40,  [PS=947420958 V4X4=NAO  CESTO=NAO  LV=NAO  CHVAB=SIM  JUMPAB=NAO  RISCOACID=NAO  CONSDESLIG=SIM  AVARIANAREDE=SIM   TODAREDEINSP=NAO  FONTESUB=NAO]  PS=947420958,EMENDAR CONDUTOR(ES=1  [PS=947420958,1-ISOL BASTAO POLIMERICO 34KV  ]
493115;FAVOR GERAR NDS PARA SUBISTITUIR 6 POSTE B 600 12 METROS CRUZETAS 8 ISOLADOR 34,5KV E 5 MAO FRACEZA LOCAL DE FACIL ACESSO 4 POSTE ENTRE OS PS 1108932756 E O PS 1108938309 E DOIS POTES ENTRE OS PS 1108939873 E O PS 1108939843 (SERVICO DE EMERGENCIA)
493117;GERAR NDS PRA EMENDA CONDUTOR DE AT ROMPIDO NO PS 592703214 CABO 2 AWG COM ALMA DO PARANA TRIFASICO, VERIFICA TRASER PEDASO PRA EMENDA 10, METROS REDE FICO MANOBRADA CHAVE 80724 E CHAVE 63108, RA 80712, FICARAO ABERTO, LOCAL DE BOM ACESSO,  [PS=592703214 V4X4=SIM  CESTO=NAO  LV=NAO  CHVAB=NAO  JUMPAB=NAO  RISCOACID=NAO  CONSDESLIG=SIM  AVARIANAREDE=SIM   TODAREDEINSP=SIM  FONTESUB=SIM]  PS=592703214,EMENDAR CONDUTOR(ES=1  [PS=592703214,1-CABO  AL NU CAA  4 AWG - COM ALMA  ]
493118;FOTOS EM ANEXO, CR 13066 FECHADA, ABERTO AS CHAVES 1611, 1615, 83639 E 83640. E FECHADO A 83484.,  [PS=613146358 V4X4=SIM  CESTO=NAO  LV=NAO  CHVAB=SIM  JUMPAB=NAO  RISCOACID=NAO  CONSDESLIG=SIM  AVARIANAREDE=SIM   TODAREDEINSP=NAO  FONTESUB=NAO]  PS=613146358,EMENDAR CONDUTOR(ES=3 PS=613146358,CORTAR ARVORE COM MOTOSSERRA=1 PS=613146358,APRUMAR POSTE=1  
493121;FAVOR GERAR NDS PARA INTERCALAR UM POSTE ENTRE PS 615084268 AO PS 615084275  CABOS BAIXO DEVIDO O VAO SER MUITO LONGO  TRAVESIA DE ESTRADA RURAL E AI O CABO LATERAL QUANDO VENTA BATE NO POSTE DE TELEFONIA FAZENDO ABRIR A DERIVACAO E OS TENTOS ESTAO QUEIMANDO POIS CABO 4CAA NO LOCAL REDE TRIFASICA LOCAL DE BOM ACESSO BEIRRA DA ESTRADA DA PARA PROGRAMAR?....,  [PS=615084268 V4X4=SIM  CESTO=NAO  LV=NAO  CHVAB=NAO  JUMPAB=NAO  RISCOACID=SIM  CONSDESLIG=NAO  AVARIANAREDE=SIM   TODAREDEINSP=SIM  FONTESUB=NAO]  PS=615084268,RETENSIONAR CONDUTOR=3  [PS=615084268,1-POSTE DUPLO T B/300/12,0M  ]
493122;RETIRAR COM LINHA VIVA EUCALIPTO DE GRANDE PORTE SOBRE 2 ALIMENTADORES PROXIMO DA CHAVE 8918005643
493124;ABERT0 LA  18219,,,,,CABO AT ROMPIDO ACESSO RUIM ANALISAR PARA FAZERDERRUBADA DE ALGUMAS ARVORES,  [PS=950898998 V4X4=SIM  CESTO=NAO  LV=NAO  CHVAB=SIM  JUMPAB=NAO  RISCOACID=SIM  CONSDESLIG=SIM  AVARIANAREDE=SIM   TODAREDEINSP=NAO  FONTESUB=NAO]  PS=950898998,PODAR ARVORE=6 PS=950898998,EMENDAR CONDUTOR(ES=1  [PS=950898998,3-CABO  ACO 3.2.25 - 4,87 MM 3 FIOS  PS=950898998,1-ISOL PILAR PORCELANA 35 KV  ]
493127;REFAZER JUMPER DA SAIDA DO TR F1125,  [PS=619546155 V4X4=NAO  CESTO=SIM  LV=NAO  CHVAB=SIM  JUMPAB=NAO  RISCOACID=NAO  CONSDESLIG=SIM  AVARIANAREDE=SIM   TODAREDEINSP=SIM  FONTESUB=NAO]  PS=619546155,REFAZER JUMPER=2  
493128;REFAZER JUMPER DA SAIDA DO TR F1125 (BARRAMENTO - CABOS PIRASTIC [PS=619546155 V4X4=NAO  CESTO=SIM  LV=NAO  CHVAB=SIM  JUMPAB=NAO  RISCOACID=NAO  CONSDESLIG=SIM  AVARIANAREDE=SIM   TODAREDEINSP=SIM  FONTESUB=NAO]  PS=619546155,REFAZER JUMPER=2  
493130;SEM ACESSO ATE O PE DO POSTE. ISOLADOR QUEBRADO NA FASE B. FOTOS EM ANEXOS. CR 9472 FICOU ABERTA.,  [PS=614466325 V4X4=SIM  CESTO=NAO  LV=NAO  CHVAB=SIM  JUMPAB=NAO  RISCOACID=NAO  CONSDESLIG=SIM  AVARIANAREDE=SIM   TODAREDEINSP=NAO  FONTESUB=NAO]  PS=614466325,SUBSTITUIR ISOLADORES=1  [PS=614466325,1-ISOL PILAR PORCELANA 35 KV  ]
493133;FAVOR GERAR NDS PRA MANUTENCAO EMENDAR CABOS AT DO PS 627024012 AO PS 627024019 CABOS ROMPIDOS E TERA QUE APRUMAR POSTES QUE ESTAO TORTO TRASER UMW PEDRA MIL ACESSO BOM FICOU ABERTA LAMINA 8628809406,  [PS=627024019  V4X4=SIM  CESTO=NAO  CHVAB=SIM  JUMPAB=NAO  LV=NAO  CONSDESLIG=SIM  RISCOACID=NAO  AVARIANAREDE=SIM  TODAREDEINSP=SIM  FONTESUB=NAO]  PS=627024019,EMENDAR CONDUTOR(ES=02 PS=627024019,APRUMAR POSTE=01 PS=627024019,CORTAR ARVORE COM MOTOSSERRA=01 PS=627024019,TRANSFORMADOR COM VAZAMENTO=01  
493134;FAVOR GERAR NDS PRA MANUTENCAO EMENDAR CABOS AT DO PS 627024012 AO PS 627024019 CABOS ROMPIDOS E TERA QUE APRUMAR POSTES QUE ESTAO TORTO TRASER UMW PEDRA MIL ACESSO BOM FICOU ABERTA LAMINA 8628809406,  [PS=627024019 V4X4=SIM  CESTO=NAO  LV=NAO  CHVAB=SIM  JUMPAB=NAO  RISCOACID=NAO  CONSDESLIG=SIM  AVARIANAREDE=SIM   TODAREDEINSP=SIM  FONTESUB=NAO]  PS=627024019,EMENDAR CONDUTOR(ES=02 PS=627024019,APRUMAR POSTE=01 PS=627024019,CORTAR ARVORE COM MOTOSSERRA=01 PS=627024019,TRANSFORMADOR COM VAZAMENTO=01  
493138;FAZER EMENDA DE CONDUTOR CHAVE 52908 ABERTA,  [PS=110708164 V4X4=NAO  CESTO=SIM  LV=NAO  CHVAB=SIM  JUMPAB=NAO  RISCOACID=NAO  CONSDESLIG=SIM  AVARIANAREDE=SIM   TODAREDEINSP=SIM  FONTESUB=NAO]  PS=1107081648,EMENDAR CONDUTOR(ES=1  
493142;GERAR NDS PRA MAN VIM TROCAR POSTE B600 12 MT COM A ESTRUTURA N 4  TRASER 1 POSTE B600 12 MTS CABO COBERTO 35MM E CUNHA  PRA FECHAR  CONEQUICAO DA N4 E TEM DOIS POSTE PRA AMAR OS CABOS CHAVE 52478 ESTA ABERTA  NO LOCAL ESTA PINTADO ERADO NO LOCAL ESTA PINTADO COM NUMER 8918052086 E FOI ABERTA A SAIDA DO RA 63632,  [PS=605579232 V4X4=NAO  CESTO=SIM  LV=NAO  CHVAB=SIM  JUMPAB=NAO  RISCOACID=NAO  CONSDESLIG=SIM  AVARIANAREDE=SIM   TODAREDEINSP=SIM  FONTESUB=SIM]  PS=605579232,PODAR ARVORE=0 PS=605579232,POSTE IRREGULAR (SUBSTITUIR/REALOCAR=1 PS=605579232,EMENDAR CONDUTOR(ES=3 PS=605579232 [PS=605579232,1-POSTE DUPLO T B/600/12.0 M  PS=605579232,6-CABO DE ALUM. COBERTO 15KV 35MM  ]
493146;FAZER AMARRACAO DO CABO NO ISOLADOR. FACIL ACESSO. CHAVE ABERTA NA REDE.,  [PS=945340490 V4X4=NAO  CESTO=NAO  LV=NAO  CHVAB=SIM  JUMPAB=NAO  RISCOACID=NAO  CONSDESLIG=SIM  AVARIANAREDE=NAO   TODAREDEINSP=SIM  FONTESUB=NAO]  PS=945340490,SUBSTITUIR ALCA DE ANCORAGEM=1  
493149;GERAR NDS MANFBL REFAZER CRUZAMENTO AEREO COM DEFEITO, MANFBL CIENTE, FECHADO CF 8324008312 ATE A SU 8324007826 AS 16:05 HS.,  [PS=781205086 V4X4=NAO  CESTO=SIM  LV=SIM  CHVAB=SIM  JUMPAB=NAO  RISCOACID=NAO  CONSDESLIG=SIM  AVARIANAREDE=SIM   TODAREDEINSP=SIM  FONTESUB=NAO]  PS=781205086,REFAZER CRUZAMENTO AEREO=1  
493150;,  [PS=943638307 V4X4=SIM  CESTO=SIM  LV=NAO  CHVAB=SIM  JUMPAB=NAO  RISCOACID=SIM  CONSDESLIG=SIM  AVARIANAREDE=NAO   TODAREDEINSP=SIM  FONTESUB=NAO]  PS=943638307,RETENSIONAR CONDUTOR=01  [PS=943638307,45-CABO DE ALUM. COBERTO 15KV 35MM  PS=943638307,1-PARA-RAIO  15 KV POLIMERICO  PS=943638307,25-FIO  AL AMARRACAO 6 AWG  ]
493152;REFERENTE A NOC FINAL 8627 NA CHAVE 02492 ENTRE OS PS 943638301E 594765409 CABO SE SOLTOU DAS AMARRACAO ESTA NO MEIO DA LAVOURA
493156;01 POSTE B600 12M  02 CRUZETA  01 ISOLADOR PILAR. PS 939275002... ABERTA SU 8177606335 E SU 8177680740. ELETRO CARDOSONO LOCAL
493157;URGENTE  ARVORE CAIDA NA REDE NO TRONCO DO ALIMENTADOR IPE ROXO PROXIMO DO TR 89180L7002
493159;EMENDA DW CONDUTOR NO PS 107584603 E PS 612610254INTERESSANTE TRAZER UNS 150 METROS DE CABO 70 MM LANCAR DO PS94054266 612610298 612610293 612610289 BT ABASTECE 1400 CONSUMIDORES E A UNICA Q ABASTECE ESTACAO SANEPAR DE IBEMA INTERRUPCAO APARTIR DO TRP0859,  [PS=612609977 V4X4=NAO  CESTO=SIM  LV=NAO  CHVAB=SIM  JUMPAB=NAO  RISCOACID=NAO  CONSDESLIG=SIM  AVARIANAREDE=SIM   TODAREDEINSP=SIM  FONTESUB=NAO]  PS=612609977,EMENDAR CONDUTOR(ES=90  [PS=612609977,90-QUADRUPLEX AL 70 MM2  ]
493160;REFAZER JUMPER NA FASE B APOS CHAVE 00433 POSTE 619597189,  [PS=619597189 V4X4=NAO  CESTO=SIM  LV=NAO  CHVAB=NAO  JUMPAB=SIM  RISCOACID=NAO  CONSDESLIG=SIM  AVARIANAREDE=SIM   TODAREDEINSP=SIM  FONTESUB=NAO]  PS=619597189,REFAZER JUMPER=1 PS=619597189,APRUMAR POSTE=01 PS=619597189,TRANSFORMADOR AVARIADO=01 PS=619597189,RETIRAR GALHOS/CASCAS DA REDE=01 PS=619597189,EMENDAR CONDUTOR(ES=01  [PS=619597189,1-CABO AL NU 2 AWG  ]
493163;FAVOR GERAR NDS PARA APLUMAR POSTE NO PS 612879881 LOCAL DE FACIL ACESSO (SERVICO DE EMERGENCIA)
493164;APRUMAR POSTE NO PS 612879881, LOCAL DE FACIL ACESSO
493166;REFAZER JUMPER NO PS 795294664 FASE B ABERTO 1225,  [PS=795294664 V4X4=NAO  CESTO=NAO  LV=NAO  CHVAB=SIM  JUMPAB=NAO  RISCOACID=NAO  CONSDESLIG=SIM  AVARIANAREDE=SIM   TODAREDEINSP=NAO  FONTESUB=NAO]  PS=795294664,REFAZER JUMPER=1  
493170;FAVOR GERAR SERVICO PRA MANUTENCAO RETENCIONAR CONDUTOR DE AT NO PS 787238882 AO PS 7872388897 BAICHOS 5 .20  DO SOLO,  [PS=787238882 V4X4=SIM  CESTO=NAO  LV=NAO  CHVAB=NAO  JUMPAB=NAO  RISCOACID=SIM  CONSDESLIG=NAO  AVARIANAREDE=NAO   TODAREDEINSP=NAO  FONTESUB=NAO]  PS=787238882,RETENSIONAR CONDUTOR=2  [PS=787238882,2-CABO AL NU 4 CA AWG - SEM ALMA  ]
493172;NECESSARIO APRUMAR POSTE E EMENDAR CABO BT TRIPLEX 35MM, TRAZER 1  LUVA CABO 2 E UM PEDACO DE RAMAL 35MM,  [PS=898706527 V4X4=SIM  CESTO=NAO  LV=NAO  CHVAB=SIM  JUMPAB=NAO  RISCOACID=NAO  CONSDESLIG=SIM  AVARIANAREDE=NAO   TODAREDEINSP=SIM  FONTESUB=NAO]  PS=898706527,CORTAR ARVORE COM MOTOSSERRA=1 PS=898706527,PODAR ARVORE=1  
493176;TR S8049 FICO ABERTO CABO DE BT ROMPIDO  NECESSITA FAZER ROCADA GRANDE, SE NAO HOUVER EQUIPE MANUTENCAO,    EQUIPE DA AGENCIA FAZ  EM DUAS EQUIPE   [PS=950279446 V4X4=SIM  CESTO=NAO  LV=NAO  CHVAB=SIM  JUMPAB=NAO  RISCOACID=NAO  CONSDESLIG=SIM  AVARIANAREDE=NAO   TODAREDEINSP=SIM  FONTESUB=NAO]  PS=950279446,POSTE IRREGULAR (SUBSTITUIR/REALOCAR=2  
493177;FAVOR PASSAR PARA MANUTENCAO FAZER A TROCA DE CRUZETA NO PS 599515213 TERAR QUE TRAZER 2 MAO FRANCESA RETIRAR ARVORE DE GRANDE PORTE DE CIMA DA REDE DE AT TERAR QUE APRUMAR POSTE NO PS 599514895 REDE FOI INVERTIDA LAMINA 63029 ESTA VINDO ENERGIA CONTRARIA E FOI ABERTO CHAVE 07829 FACIL ACESSO.
493178;FAZER UNS  40 METROS DE ROCADA PARA PEGAR CABO AREBENTADO POR CIMA DAS ARVORES E FAZER A EMEDA DO CABO 3,2,25 DO PS 773715990 AO 773672195 DEIXADO CHAVE 7091 ABERTA, VERIFICAR SE A CHAVE 8324059011 ESTA ABERTA. [PS=773715990 V4X4=NAO  CESTO=NAO  LV=NAO  CHVAB=SIM  JUMPAB=NAO  RISCOACID=NAO  CONSDESLIG=SIM  AVARIANAREDE=SIM   TODAREDEINSP=SIM  FONTESUB=NAO]  PS=773715990,FAZER ROCADA=1 PS=773715990,EMENDAR CONDUTOR(ES=01 PS=773715990,REFAZER ENGASTAMENTO DO POSTE=01 PS=773715990,TRANSFORMADOR AVARIADO=01  [PS=773715990,1-CABO  ACO 3.2.25 - 4,87 MM 3 FIOS  ]
493179;PS 895928058 PS 616033210 PS 599193198 ESSES PS ESTAO QUEBRADOS E NOS TRES VAO OS CABOS ESTAO ROMPIDO DUAS CRUZETAS ESTAO QUEBRADAS OUTRA ESTA TORCIDA PQ E DE FERRO- LEVAR POSTES- CRUZETAS E CABOS - CLI RETIROU A ARVORE
493180;REFAZER JAMPER DA CABECA DA CH DO RT 811, FICOU BYPASSADO, PROGRAMAR COM LINHA VIVA. SINALIZAR OPERADOR PARA TIRAR IMPEDIMENTO DO RT QUANDO EXECUTAR SERVICO. [PS=867186928 V4X4=NAO  CESTO=SIM  LV=SIM  CHVAB=SIM  JUMPAB=NAO  RISCOACID=NAO  CONSDESLIG=NAO  AVARIANAREDE=SIM   TODAREDEINSP=SIM  FONTESUB=NAO]  PS=867186928,REFAZER JUMPER=1  [PS=867186928,1-CABO  AL NU CAA  4 AWG - COM ALMA  ]
493184;GERAR NDS COM URGENCIA PARA TROCAR TR R5433 TR MONO 34KV 25KVA, BOM ACESSO, CLI COM CHIQUEIROS. FOTOS NO GRUPO DA MANUTENCAO MED. WHATS. TR EXPLODIU COM RAIO.
493189;FAVOR GERAR NDS PARA EMENDAR CABO DE AT ENTRE OS PS 774451533 ATE 774462122, CABO 4CAA, VAO DE 560 METROS, DIFICIL ACESSO, TEM TRAVESIA DE ALAGADO, MAIORIA DOS CASAS SAO DE VERANEIO, FICOU ABERTA A CHAVE 10812
493194;FAVOR GERAR NDS PARA REFAZER JUMPER DE ENTRADA EM UMA DAS CHAVES DE AT NO TR C0703, E TROCAR UMA DAS CHAVES Q E ANTIGA, SERA NECESSARIO ABRIR A CHAVE09334 DEVIDO A FALTA DE DISTANCIA DE SEGURANCA. TR FICOU ABERTO.,
493197;NDS MANUTENCAO TROCAR CHAVE FASE A DO REGULADOR DE TENSAO 83216RT206 FASE A DO TANQUE QUE POSSUI O CONTROLE
493198;FAVOR GERAR UMA MACRO PARA IMEMDA DE CABO PROXIMO A CHAVE 52327 CABO ROMPIDO FICOU A BERTO A SU 52329 E A BERTO A SU 52324
493200;GERAR NDS PRA EMENDA CABO ROMPIDO NO PS 627453333 CABO 2 AWG NO MESMO POSTE FICO JAMPER ABERTO , FECHADA CHAVE 5519, HORA DE FASER SERVICO ABRIR , A MESMA LOCAL INREGULAR,
493202;NDS PARA EMENDA DE CONDUTOR DE MT ROMPIDO, SE POSSIVEL COM CESTO AEREO.MATERIAIS:02 METROS DE CABO CA 02 AWG01 LUVA DE EMENDA CABO 02FACIL ACESSO,
493203;REFAZER JUMPER DE ENTRADA EM UMA DAS CHAVES DE AT NO TR C0703, E TROCAR UMA DAS CHAVES QUE E ANTIGA, SERA NECESSARIO ABRIR A CHAVE09334 DEVIDO A FALTA DE DISTANCIA DE SEGURANCA. TR FICOU ABERTO.,
493205;FAVOR GERAR NDS PARA LV SUBSTITUIR UMA DAS CHAVES 00300 ESTA FECHADA NO PALHATIVO DEMANDA MUITO ALTA PROGRAMAR PARA LV SUBSTITUIR A MESMA LOCAL DE FACIL ACESSO FICOU TUDO ENERGIZADO NO LOCAL,  [PS=611680954 V4X4=NAO  CESTO=SIM  LV=SIM  CHVAB=NAO  JUMPAB=NAO  RISCOACID=NAO  CONSDESLIG=NAO  AVARIANAREDE=NAO   TODAREDEINSP=SIM  FONTESUB=NAO]  PS=611680954,SUBSTITUIR CHAVE UNIPOLAR=1  [PS=611680954,1-BASE CHAVE FUS.T.A 15KV 100A  ]
493206;SERVICO     : EQUIPE      : CA130VEIC. ALOC. : E2363DATA        : 22/09/25 17:45 POR ADMSODREGIAO      : GUA 00 - GUAIRA ESPECIALTIPO        : MENSAGEM LIVREMENSAGEM    : CENTRAL TEM QUE GERAR UM SERVICO NA CHAVE 1231 QUE FICOU ABERTA TEM CABO ROMPIDO E POSTE QUEBRADO NA MESMA. (SERVICO DE EMERGENCIA)
493207;NDS PARA EQUIPE PERCORRER CHAVE 1676 NO FAIXINHA, A CHAVE 1300 ESTAVA ABERTA E ENERGIZADA AO CONTRARIO , POSSIVEL DEFEITO  NESSE TRECHO ENTRE A 1676 E A 1300.,  [PS=778061671 V4X4=NAO  CESTO=NAO  LV=NAO  CHVAB=SIM  JUMPAB=NAO  RISCOACID=NAO  CONSDESLIG=SIM  AVARIANAREDE=SIM   TODAREDEINSP=NAO  FONTESUB=NAO]  PS=778061671,PERCORRER CIRCUITO COM DEFEITO NAO LOCALIZADO=1  
493213;FAZER TROCA DO PS 619290039 QUEBRADO NO LOCAL TR F0965 FECHADO NO LOCAL PELA EQUIPE DE OBRAS. TRAZER POSTE 300 DE 12MTRS.,  [PS=619290039 V4X4=NAO  CESTO=SIM  LV=NAO  CHVAB=SIM  JUMPAB=SIM  RISCOACID=SIM  CONSDESLIG=SIM  AVARIANAREDE=SIM   TODAREDEINSP=SIM  FONTESUB=NAO]  PS=619290039,POSTE AVARIADO/ABALROADO (SUBSTITUIR=1  [PS=619290039,1-POSTE DUPLO T B/300/12,0M  ]
493214;TROCAR PARA RAIO E REFAZER JUNPER NO TR,  [PS=898941384 V4X4=NAO  CESTO=SIM  LV=NAO  CHVAB=SIM  JUMPAB=NAO  RISCOACID=NAO  CONSDESLIG=SIM  AVARIANAREDE=SIM   TODAREDEINSP=SIM  FONTESUB=NAO]  PS=898941384,SUBSTITUIR PARARRAIO(S=1 PS=898941384,REFAZER JUMPER=1  [PS=898941384,1-CABO DE ALUM. COBERTO 15KV 185MM  ]
493215;SERVICO     : EQUIPE      : CA877VEIC. ALOC. : T30078DATA        : 22/09/25 17:53 POR ADMSODREGIAO      : PTO 01 - PATO BRANCO - CENTROTIPO        : MENSAGEM LIVREMENSAGEM    : GERAR NDS PARA EMENDA DE CABO DE MT PROTEGIDO QUE ROMPEU E ESTA PROXIMO AO SOLO NA SU 70191, FOI ABERTO A CHAVE 25177 PARA DESENERGIZAR O CABO, FICOU O TR P7172 SEM ENERGIA. FOTOS NO GRUPO NDS. FAZER COM CESTO AEREO. URBANA LIVRE ACESSO (SERVICO DE EMERGENCIA)
493217;FAZER ROCADA E EMENDA DE CABO [PS=946243020 V4X4=NAO  CESTO=NAO  LV=NAO  CHVAB=SIM  JUMPAB=NAO  RISCOACID=NAO  CONSDESLIG=SIM  AVARIANAREDE=SIM   TODAREDEINSP=SIM  FONTESUB=NAO]  PS=946243020,FAZER ROCADA=1 PS=946243020,EMENDAR CONDUTOR(ES=1  
493218;FAVOR GERAR NDS PARA MANUTENCAO EMENDAR CABO 3.2X25 TRAZER UNS 5 METROS DE CABO ,ENTRE OS PS 627193374 E PS 627193376 JUNPER ABERTO NO PS 627193368 CF 09176 FICOU FECHADA OBS VAI TERQUE PODAR PINHEIROS E FAZER ROCADA,  [PS=627193374 V4X4=SIM  CESTO=NAO  LV=NAO  CHVAB=NAO  JUMPAB=SIM  RISCOACID=NAO  CONSDESLIG=SIM  AVARIANAREDE=SIM   TODAREDEINSP=NAO  FONTESUB=NAO]  PS=627193374,EMENDAR CONDUTOR(ES=2  [PS=627193374,2-CABO  ACO 3.2.25 - 4,87 MM 3 FIOS  ]
493220;LEVANTAR POSTE QUE DEITOU POR CONTA DOS VENTOS E FAZER EMENDA DE CABO,  CHAVE ABERTA NO TRECHO:75412 PS:573951445 BEIRA DA ESTRADA,  [PS=573951445 V4X4=NAO  CESTO=NAO  LV=NAO  CHVAB=SIM  JUMPAB=NAO  RISCOACID=NAO  CONSDESLIG=SIM  AVARIANAREDE=SIM   TODAREDEINSP=SIM  FONTESUB=NAO]  PS=573951445,EMENDAR CONDUTOR(ES=1 PS=573951445,APRUMAR POSTE=1  [PS=573951445,1-CABO  AL NU CAA  4 AWG - COM ALMA  ]
493222;GERAR NDS SUBSTITUIR PS 949466362 E EMENDAR CONDUTOR DE AT NO MESMO PS, JUMPER ABERTO NA DERIVACAO DO PS 949466350 SE POSSIVEL INSTALAR ESTRIBO E GLV NESTA DERIVACAO, PARA EXECUTAR EMENDA E RETENCIONAR CONDUTOR NESCESSARIO DESLIGAR A TRIP 9527, TRAZER UNS 50 MT  CABO CAA 4 AWG, LIVRE ACESSO,
493225;DIFICIL ACESSO, CB ROMPIDO NO MEIO DOS EUCALIPTOS. FOTOS EM ANEXOS. PS=907644800,EMENDAR CONDUTOR(ES=1 PS=907644800,CORTAR ARVORE COM MOTOSSERRA=1 
493226;CABO ROMPIDO NO PS 770919458, VAO LONGO, GERAR NDS PR MANUTENCAO EMENDA DE CABO 3X10 CHAVE 22932 ESTA ABERTA NO LOCAL
493227;EMENDA DE CABO PARA PARANA TRIFASICO CHAVE 11926 FICOU ABERTA CHAVE 8143 FOI FECHADO 16.00 HORAS (SERVICO DE EMERGENCIA)
493231;GERAR NDS PARA MANUTENCAO EMENDAR CABO NO TRECHO DO RA ASP31 DO PS 795109702 AO PS 773617639 RETENCIONAR 2 VAOS DE CABO QUE CORREU ACESSO BOM PROXIMO ESTRADA PRA ISOLAR FICOU ABERTA A LAMINA 4672 A 19907  E A CHAVE 06896,  [PS=110568348 V4X4=SIM  CESTO=NAO  LV=NAO  CHVAB=SIM  JUMPAB=NAO  RISCOACID=NAO  CONSDESLIG=SIM  AVARIANAREDE=SIM   TODAREDEINSP=NAO  FONTESUB=NAO]  PS=1105683481,EMENDAR CONDUTOR(ES=1 PS=1105683481,RETENSIONAR CONDUTOR=2  
493232;GERAR NDS PARA MANUTENCAO EMENDAR CABO NO TRECHO DO RA ASP31 DO PS 795109702 AO PS 773617639 RETENCIONAR 2 VAOS DE CABO QUE CORREU ACESSO BOM PROXIMO ESTRADA PRA ISOLAR FICOU ABERTA A LAMINA 4672 A 19907  E A CHAVE 06896,
493236;REFAZER JUMPER FASE B, - PS=622194710,REFAZER JUMPER=1 
493238;ISOLADORES DE ANCORAG3M DANIFICADOS DEVIDO AO PARAFUSO PASSANTE TER QUEBRADO NO TOPO DO POSTE,CABO CAIDO DO POSTE NO PS 784707848.NECESSARIO TRAZER CHAPAO,ISOLADOR PILAR 34,5 1,ISOLADOR DE ANCORAGEM 34,5 3,PARAFUSO PASSANTE. PS=784707848,RETENSIONAR CONDUTOR=01 PS=784707848,PODAR ARVORE=0 PS=784707848,APRUMAR POSTE=0 PS=784707848,REFAZER ESTAI=1 PS=784707848,TRANSFORMADO QUEIMADO=0 PS=784707848,EMENDAR CONDUTOR(ES=0  86288 - PTO
493242;REFAZER JAMPER ROMPIDO DA SU NA CHAVE 07110. A SU FICOU ABERTA COM TENSAO DOS DOIS LADOS. APLUMAR CRUZETA NO PS 621437692  CABO 2 BARRA 0,  [PS=801307567 V4X4=NAO  CESTO=SIM  LV=NAO  CHVAB=NAO  JUMPAB=SIM  RISCOACID=NAO  CONSDESLIG=NAO  AVARIANAREDE=NAO   TODAREDEINSP=SIM  FONTESUB=NAO]  PS=801307567,REFAZER JUMPER=1  [PS=801307567,1-SECCIONADORA FACA UNIP 36KV 630A  ]
493243;HAVE NA REDE 09531 ABERTA RETIRADO EUCALIPTO DE CIMA DA REDE, MESMA NECESSITA DA TROCA DE  2 POSTES UM NO TRAFO 32190 E TROCA DE POSTE NO PS 950977150 AMBOS DEGOLARAM, CRUZETAS ESTAO APARENTE BOAS, TRAZER DUAS POR GARANTIA. NAO ARREBENTOU NENHUM CONDUTOR.SEM ACESSO COM CAMINHAO APENAS ACESSO PROXIMO,
493246;FAVOR GERAR NDS PARA TROCA DO TR 8628853305 NO PS 803078267 TRAZER CHAVE E PORTA FUSIVEL BOM ACESSO,  [PS=803078267 V4X4=SIM  CESTO=NAO  LV=NAO  CHVAB=SIM  JUMPAB=NAO  RISCOACID=NAO  CONSDESLIG=SIM  AVARIANAREDE=SIM   TODAREDEINSP=SIM  FONTESUB=NAO]  PS=803078267,TRANSFORMADO QUEIMADO=01  [PS=803078267,01-TRANSF. MONO. 33 KV     10 KVA  PS=803078267,01-CHAVE FUSIVEL C -  POLIMERICA 27KV 300A  ]
493250;TROCAR TRAFO FEITO TESTE A VAZIO TRAFO QUEIMADO,  [PS=622108408 V4X4=NAO  CESTO=NAO  LV=NAO  CHVAB=SIM  JUMPAB=NAO  RISCOACID=NAO  CONSDESLIG=SIM  AVARIANAREDE=SIM   TODAREDEINSP=SIM  FONTESUB=NAO]  PS=622108408,TRANSFORMADOR AVARIADO=1  [PS=622108408,1-TRANSF. TRIF  13.2KV 75KVA OVI  ]
493253;PERCORER CHAVE 80887 DUARANTE O DIA,  [PS=595958009 V4X4=SIM  CESTO=SIM  LV=NAO  CHVAB=SIM  JUMPAB=SIM  RISCOACID=SIM  CONSDESLIG=SIM  AVARIANAREDE=SIM   TODAREDEINSP=NAO  FONTESUB=NAO]  PS=595958009,EMENDAR CONDUTOR(ES=1  
493255;NDS PARA TROCA DE TRIP, ISOLADA POR GLV PARA IDENTIFICACAO CHAVE ABERTA INTERNAMENTE, AO LADO DA ESTRADA FACIL ACESSO,  [PS=949655105 V4X4=NAO  CESTO=NAO  LV=NAO  CHVAB=NAO  JUMPAB=NAO  RISCOACID=NAO  CONSDESLIG=SIM  AVARIANAREDE=NAO   TODAREDEINSP=SIM  FONTESUB=NAO]  PS=949655105,SUBSTITUIR CHAVE UNIPOLAR=1  [PS=949655105,1-CHAVE TRIP. OPER. CARGA 36.2KV 630A MAN.  ]
493257;FAVOR GERAL NDS PARA EMENDA DE CABO 3.2X25 NO PS 612301829 ATE O PS 612301825 E FAZER ROCADA , LOCAL DE DIFICIL ACESSO , CHAVE 8177608055 ABERTA - PS=612301829,PODAR ARVORE=10 PS=612301829,FAZER ROCADA=15 PS=612301829,EMENDAR CONDUTOR(ES=1 
493260;NDS PARA MANUTENCAO EMENDAR CONDUTOR ROMPIDO NO CRUZAMENTO, CH 10147 ABERTA E 840 ABERTA, URGENTE,  [PS=611948383 V4X4=NAO  CESTO=SIM  LV=NAO  CHVAB=SIM  JUMPAB=NAO  RISCOACID=SIM  CONSDESLIG=SIM  AVARIANAREDE=SIM   TODAREDEINSP=SIM  FONTESUB=NAO]  PS=611948383,REPARAR CONDUTOR (TENTOS ROMPENDO=1  [PS=611948383,1-CABO AL NU 4 CA AWG - SEM ALMA  ]
493261;EMENDAR CABO E REFAZER JUMPERS,  [PS=622147819 V4X4=NAO  CESTO=NAO  LV=NAO  CHVAB=SIM  JUMPAB=NAO  RISCOACID=NAO  CONSDESLIG=SIM  AVARIANAREDE=SIM   TODAREDEINSP=SIM  FONTESUB=NAO]  PS=622147819,REFAZER JUMPER=3 PS=622147819,EMENDAR CONDUTOR(ES=1  [PS=622147819,10-CABO  AL NU CAA  4 AWG - COM ALMA  ]
493264;FAVOR GERAR NDS PARA MANUTENCAO APLUMAR POSTE NO PS 777694861, SE POSSIVEL AINDA HOJE OU AMANHA NA PRIMEIRA HORA, ESTE PS ESTA EM ALIMENTADOR GRANDE ,FACIL ACESSO, TERA QUE VIM COM CAMINHAO PRA APLUMAR.,  [PS=777694861 V4X4=SIM  CESTO=NAO  LV=NAO  CHVAB=NAO  JUMPAB=NAO  RISCOACID=SIM  CONSDESLIG=NAO  AVARIANAREDE=NAO   TODAREDEINSP=SIM  FONTESUB=NAO]  PS=777694861,APRUMAR POSTE=1  
493265;FAVOR GERAR NDS PARA MANUTENCAO APLUMAR POSTE NO PS 777694861, SE POSSIVEL AINDA HOJE OU AMANHA NA PRIMEIRA HORA, ESTE PS ESTA EM ALIMENTADOR GRANDE ,FACIL ACESSO, TERA QUE VIM COM CAMINHAO PRA APLUMAR.,
493266;GERADO NDS PARA TROCA DO PS 938325541 TRAZER POSTE DE FIBRA SE POSSIVEL MEIO DE LAVOURA BEM UMIDO CAMINHAOMPODE NAO ENTRAR 1  CRUZETA E ISOLADOR BASTAO DA 13   CHAVE 11230 FICOU ABERTA  CHAVE ATENDE SANEPAR F FOTOS NO GRUPO,  [PS=938325541 V4X4=NAO  CESTO=NAO  LV=NAO  CHVAB=SIM  JUMPAB=NAO  RISCOACID=NAO  CONSDESLIG=SIM  AVARIANAREDE=SIM   TODAREDEINSP=SIM  FONTESUB=NAO]  PS=938325541,POSTE AVARIADO/ABALROADO (SUBSTITUIR=1  [PS=938325541,1-CRUZETA POSTE CONCRETO L=2000MM  PS=938325541,1-POSTE DUPLO T B/300/12,0M  PS=938325541,6-ISOL BASTAO POLIMERICO 15KV  ]
493268;EMENDAR CABO 4CAA NO PS 793934162, ACESSO PELA LAVOURA, TEM QUE PUXAR UMA ARVORE COM TIFOR, PARA ISOLAR O TRECHO FICOU ABERTO UM JUMPER NO PS 793934149 E A CHAVE 9558 TAMBEM FICOU ABERTA, AVIARIO NO LOCAL SEM ENERGIA 2 DIAS SEM LUZ,  [PS=793934162 V4X4=SIM  CESTO=NAO  LV=NAO  CHVAB=SIM  JUMPAB=SIM  RISCOACID=NAO  CONSDESLIG=SIM  AVARIANAREDE=SIM   TODAREDEINSP=SIM  FONTESUB=NAO]  PS=793934162,EMENDAR CONDUTOR(ES=1  
493270;EMENDA DE CABO DE ACO 3.2.25 ROMPIDO DO PS 952294049 AO PS 952294043, FAZER DERRUBADA DE ARVORES E ROCADA EM VARIOS PONTOS DO VAO ENTRE ESSES DOIS PS CF 18464 FICOU ABERTA LOCAL DE DIFICIL ACESSO AO MEIO DO POTREIRO FAZER DE DIA,  [PS=952294043 V4X4=SIM  CESTO=NAO  LV=NAO  CHVAB=SIM  JUMPAB=NAO  RISCOACID=NAO  CONSDESLIG=SIM  AVARIANAREDE=SIM   TODAREDEINSP=SIM  FONTESUB=NAO]  PS=952294043,EMENDAR CONDUTOR(ES=1  [PS=952294043,1-CABO  ACO 3.2.25 - 4,87 MM 3 FIOS  ]
493271;NDS COMPLEMENTAR - ABERT0 LA  18219,,,,,CABO AT ROMPIDO ACESSO RUIM ANALISAR PARA FAZERDERRUBADA DE ALGUMAS ARVORES
493272;LIMPEZA DE REDE DE BT, MATA NOS  CABOS DE BT   
493273;EMENDA DE CONDUTOR NO PS 614965847 FICOU ABERTO RA SLT01 E A LA 6584 VEICULO COM CESTO DA AGENCIA FAZ, 187 CLIENTES DESLIGADOS., [PS=614965847 V4X4=NAO  CESTO=SIM  LV=NAO  CHVAB=SIM  JUMPAB=NAO  RISCOACID=NAO  CONSDESLIG=SIM  AVARIANAREDE=SIM   TODAREDEINSP=SIM  FONTESUB=NAO]  PS=614965847,EMENDAR CONDUTOR(ES=1  [PS=614965847,5-CABO  AL NU CAA  4 AWG - COM ALMA  ]
493275;CABO 3,2,25 ROMPIDO NO PS 626929448 CHAVE FICOU ABERTA ACESSO NO MEIO DA INVERNADA INGRIDI,  PS=626929448,EMENDAR CONDUTOR(ES=1   [PS=626929448,1-CABO  ACO 3.2.25 - 4,87 MM 3 FIOS  ]
493276;REFAZER 2 JAMPERS NOS PSS  615243159 E NO PS 615243166, CHAVE SU EM CAMPO 01203 FICOU ABERTA ENERGIZADA PELO RA URC34 LAVOURA NO LOCAL ESTA MOLHADO TERRENO, 3 CLIENTES SEM LUZ, MAS TEM PSICULTURA  [PS=615243166 V4X4=SIM  CESTO=SIM  LV=SIM  CHVAB=SIM  JUMPAB=SIM  RISCOACID=NAO  CONSDESLIG=SIM  AVARIANAREDE=SIM   TODAREDEINSP=SIM  FONTESUB=SIM]  PS=615243166,REFAZER JUMPER=2  [PS=615243166,2-CABO  AL NU CAA 2/0 AWG - COM ALMA  ]
493280;EMENDA DE CONDUTOR NO PS 568249462 CF FICOU 05403 ABERTA EUCALIPTO CAIU NA REDE  CABO 4CAA NO LOCAL 4 AVIARIOS NO LOCAL,  [PS=568249462 V4X4=SIM  CESTO=NAO  LV=NAO  CHVAB=SIM  JUMPAB=NAO  RISCOACID=NAO  CONSDESLIG=SIM  AVARIANAREDE=SIM   TODAREDEINSP=NAO  FONTESUB=NAO]  PS=568249462,EMENDAR CONDUTOR(ES=1  
493281;FAZER EMENDA DE BT NO PS 1117402276 E COLOCAR ESPACADORES TRAZER LUVA PARA EMENDA TR H0337 FICOU ABERTO,  [PS=111740227 V4X4=NAO  CESTO=SIM  LV=NAO  CHVAB=SIM  JUMPAB=NAO  RISCOACID=NAO  CONSDESLIG=SIM  AVARIANAREDE=SIM   TODAREDEINSP=SIM  FONTESUB=NAO]  PS=1117402276,EMENDAR CONDUTOR(ES=1  [PS=1117402276,3-CABO  AL NU 2/0 AWG  ]
493282;ERVICO     : EQUIPE      : CA800VEIC. ALOC. : E3U86DATA        : 22/09/25 20:10 POR ADMSODREGIAO      : MRO 01 - MARMELEIROTIPO        : MENSAGEM LIVREMENSAGEM    : GERAR NDS NO PS 951999197 CABO ROMPIDO VAO MUITO LONGO (SERVICO DE EMERGENCIA)
493284;FAVOR GERAR NDS PARA SUBISTITUIR TR QUEIMANDO TR L6452 DE 10 KVA DA 13 KV TRAZER 1 TR 10 KVA 2 CHAVE COMPLETA D A 13 PARA PADRONIZAR CLIENTE PEDE COM URGENCIA TEM BASTANTE VACA DE LEITE (SERVICO DE EMERGENCIA)
493286;GERADO NDS PARA O CESTO FAZER CONEX NA REDE, REDE CENTRALIZADA  PEGOU FOGO NA CAIXA REFAZER CONDUTORES,  [PS=619886876 V4X4=NAO  CESTO=SIM  LV=NAO  CHVAB=SIM  JUMPAB=NAO  RISCOACID=NAO  CONSDESLIG=SIM  AVARIANAREDE=SIM   TODAREDEINSP=SIM  FONTESUB=NAO]  PS=619886876,EMENDAR CONDUTOR(ES=1  
493287;NDS PARA EMEDA DE CABO NO PS 951999197, ACESSO 4X4, CHAVES ABERTAS, TRECHO DE EUCALIPTOS
493289;FAVOR GERAR NDS PARA RETENCIONAR CABOS CAA4AWG NO PS 938798430 CABOS ESTAO BAIXO COM 4,20 MT DE ALTURA REDE FOI ALTERADA CABOS ATRAVESSAM VIA PODENDO ENROSCAR EM CAMINHAO FICOU A CH 84051 ABERTA ATENDE APENAS TIM,
493292;REALIZAR TROCA DE PS NO PS 613998077 POSTE QUEBROU COM QUEDA DE ARVORE NA REDE NO POSTE ERA ANCORADO REDE BT FICOU ABERTO CHAVE QUE ALIMENTA O RAMAL CHAVE 8177604791 DEFEITO DO PS 613998081 ATE PS 788352431 LOCAL DE DEFICIL ACESSO PARA CAMINHAO,  [PS=613998077 V4X4=SIM  CESTO=NAO  LV=NAO  CHVAB=SIM  JUMPAB=NAO  RISCOACID=NAO  CONSDESLIG=SIM  AVARIANAREDE=SIM   TODAREDEINSP=NAO  FONTESUB=NAO]  PS=613998077,POSTE AVARIADO/ABALROADO (SUBSTITUIR=1 PS=613998077,EMENDAR CONDUTOR(ES=4  [PS=613998077,2-CABO  AL NU CAA  4 AWG - COM ALMA  PS=613998077,2-CRUZETA  POLIMERICA  PS=613998077,1-POSTE DUPLO T B/300/12,0M  ]
493294;GERAR NDS PARA TROCAR DOIS POSTE QUEBRADO NOS PS 616070453 E PS 616070454  E FASER EMENDAS DE CABOS E TROCAR ISOLADOR NO PS 616070493 FASE B QUEBRADO E RECOLOCAR COBO NO ISOLADOR NO PS 616070467  CHAVE LAMINA FICOU ABERTA  15864   QUE ATENDE A CR 58235  APARTIR DA ESTAO OS DEFEITOS,  [PS=616070453 V4X4=NAO  CESTO=NAO  LV=NAO  CHVAB=SIM  JUMPAB=NAO  RISCOACID=NAO  CONSDESLIG=SIM  AVARIANAREDE=SIM   TODAREDEINSP=SIM  FONTESUB=NAO]  PS=616070453,POSTE AVARIADO/ABALROADO (SUBSTITUIR=2  [PS=616070453,2-POSTE DUPLO T D/150/10.5 M  ]
493301;GERAR NDS PARA MANUTENSAO APRUMAS 3 PSS SENDO O PS 547270000 PS 547270818 PS 547271974 MESMO PS DE ANGULO BASTANTE AGUA NO 0S TALVES SEJA NECESSARIO INSTALAR ESTAIO E E OS OUTROS DOIS PSS CITADOS APOS A APLUMACAO NAO LEVANTAR CABOS  SERA NECESSARIO RETENSIONAR CABOS NESSE VAO DE PSS TRAZER  1 KIT DE ESTAIO CONPLETO CASO SEJA NECESSARIO CABOS ESTAO 4,40 DO SOLO FICOU ABERTO GLV NO PS 950991813 ISOLANDO TRECHO FOI FECHADO CHAVES 91140  24236 ACESSO BOM PARA DE DIA NECESSARIO ABRIR CR 24236 PARA EXECUTAR AS ATIVIDADES SEM FOTOS NOITE FOI RETIRADO EUCALIPTO DA REDE Q CAIU COM VENTO MAIS ACABOU CEDENDO CBOS E PO
493304;FAVOR GERAR NDS PARA EMENDAREM CABO 2.0 POIS FOI MEDIDO E SAO 106 MTS DE CABO PARA SUBSTITUIR POR QUAD 70MM OU TRAZER O CABO 2.0 EM  MENAS QUANTIDADE PARA BATER LUVA E VARIOS PONTOS ROMPIDOS. FACIL ACESSO NA URBANA. TRAFO Y0416 ABERTO TODOS SEM LUZ.,
493307;FAZE EMENDA DE CABO ROMPIDO MO PS 616071060, POSTE ESTA TRINCADO E CEDEU, COM RISCO PARA FAZER DE ESCADA,
493308;ABERTO TR M0843 PS 612830647¦  CABO BT ROMPIDO. GERAR NDS - CA697
493310;TRASER EMENDA E UNS 15M DE CABO 2 TRP0987 ABERTO CABO ROPIDO PS 613427305
493313;GERAR NDS PRA APLUMAR POSTE NO PS 895310148 POSTE DEITOU DEVIDO TERRA UMIDA VALETA AULADO , NECESSARIO RENTERCALA, , REDE FICO MANOBRA POIS CABOS ENCOSTANDO NO CHAO CHAVA 21900 E 63932 E 21534, ABERTA LOCAL DE BOM ACESSO,
493316;NDS PARA TROCAR ISOLAR NO TRONCO DO NIC48 COM LINHA VIVA REDE FICOU LIGADA  PS 613098664 LOCAL DE ACESSO BOM,  [PS=613098664 V4X4=NAO  CESTO=SIM  LV=SIM  CHVAB=NAO  JUMPAB=NAO  RISCOACID=NAO  CONSDESLIG=NAO  AVARIANAREDE=SIM   TODAREDEINSP=SIM  FONTESUB=SIM]  PS=613098664,SUBSTITUIR ISOLADORES=01  [PS=613098664,01-ISOL PILAR PORCELANA 35 KV  ]
493319;PONTO QUENTE NA 8321601296 FICOU ABERTA E SINALIZADA, PENDENTE DE MANOBRAS DE ENERGIZACAO VER +INF
493320;GERAR NDS PARA MANUTENCAO EMENDAR CABO ROMPIDO DO PS 620556949 ATE O PS 620556769 TRAZER 50 METROS DE  CABO 4 COM ALMA FICOU ABERTA A CHAVE 7022 ABERTA A CHAVE 7023 E TAMBEM A CHAVE 13319 CONFIRMADA ABERTA A CHAVE 7009 ABERTA A CHAVE 7022  TRECHO URBANO DE FACIL ACESSO OBS FICOY QUENTE ATE O PE DA CHAVE 7022 ONDE O CABO ESTA ROMPIDO EM UMA ESTRUTURA DE BECO,  [PS=620556769 V4X4=NAO  CESTO=SIM  LV=SIM  CHVAB=SIM  JUMPAB=NAO  RISCOACID=NAO  CONSDESLIG=SIM  AVARIANAREDE=SIM   TODAREDEINSP=SIM  FONTESUB=NAO]  PS=620556769,EMENDAR CONDUTOR(ES=1  
493323;RETIRAR ARVORE DE GRANDE PORTE DA REDE, DO PS 619150844 ATE O PS619150849,
493326;GERAR NDS PRA PODER CONECTAR O JANPER NO PE DA CHAVE TRAZER 1 TERMINAL DO CABO 2 NA CHAVE8321612911 PS618238116
493328;GERAR NDS PRA TROCAR 3 POSTE QUEBRADO NO PS 906039271, AO PS906038401 2 POSTE MULETA E EMENDA CONDUTOR DE AT CHAVE 22372 FICO ABERTA LOCAL DE BOM ACESSO,
493331;GERADO NDS PARA EMENDA DE CONDUTOR CABO 4 AWG COM ALMA - PS=793617993LOCAL DE FACIL ACESSO PELA LAVOURA FICOU ABERTO O RA2856 E LA 2918 PARA ISOLAR TRECHO,   PS=793617993,EMENDAR CONDUTOR(ES=1 PS=793617993,APRUMAR POSTE=0 PS=793617993,PODAR ARVORE=0 PS=793617993,TRANSFORMADOR AVARIADO=0  
493355;GERAR NDS PRA EMENDA CONDUTOR DE AT, ROMPIDO NO PS 899497515 , FICO ABERTO GLV NO PS 89186795, , E A CHAVE 21044 FECHADA LOCAL DE BOM ACESSO,
493359;GERAR NDS PARA IMENDA DE CABO 3.09 NO TR48336 DIFICIL ASESO FASER VARIOS METROS DE ROCADA CHAVE 92403 FICOU ABERTO, - PS=777027451,EMENDAR CONDUTOR(ES=1 
493365;GERADA NDS PARA MANUTENCAO, EQUIPE NAO FEZ POIS O PS ESTA QUEBRADO NO FINAL DA GAVETA, FOI VISTO QUANDO ELEMENTO 1 ESTAVA ACESSANDO A ESTRUTURA ATE O TOPO APOS TER ATERRADO, NAO OFERECENDO SEGURANCA PARA CONCLUIR A TAREFA, RETIRADO ATERRAMENTO COM CUIDAO PARA NAO QUEBRAR ESTRUTURALAMINA 8929 ABERTA E LAMINA 9519 TAMBEM ESTA ABERTA NO LOCAL,E A CF 9518. FACIL ACESSO PARA CAMINHAO SE NAO CHOVER MAIS,  [PS=945481713 V4X4=SIM  CESTO=NAO  LV=NAO  CHVAB=SIM  JUMPAB=NAO  RISCOACID=NAO  CONSDESLIG=SIM  AVARIANAREDE=SIM   TODAREDEINSP=SIM  FONTESUB=NAO]  PS=945481713,REFAZER JUMPER=1  [PS=945481713,1-CABO  AL NU CAA  4 AWG - COM ALMA  ]
493366;SUBISTITUIR DOIS POSTE QUEBRADO UM TR MONO E DUAS CRUZETAS NO PS 612869794 LOCAL NO MEIO DA LAVOURA CHAVE ABERTA 05335,  [PS=612869704 V4X4=SIM  CESTO=NAO  LV=NAO  CHVAB=SIM  JUMPAB=NAO  RISCOACID=NAO  CONSDESLIG=SIM  AVARIANAREDE=NAO   TODAREDEINSP=SIM  FONTESUB=NAO]  PS=612869704,POSTE IRREGULAR (SUBSTITUIR/REALOCAR=2  [PS=612869704,2-POSTE DUPLO T B/300/12,0M  PS=612869704,2-CRUZETA POSTE CONCRETO L=2000MM  PS=612869704,1-TRANSF. MONO  10KVA OVI  ]
493370;CAVE  11313 ABERTO FASER IMENDA DE CONDUTOR   PS 939439145 ATE O PS 939439142 CABO 4AWG   BOM ASSESSO,  [PS=603892435 V4X4=SIM  CESTO=NAO  LV=NAO  CHVAB=SIM  JUMPAB=NAO  RISCOACID=NAO  CONSDESLIG=SIM  AVARIANAREDE=NAO   TODAREDEINSP=SIM  FONTESUB=NAO]  PS=603892435,EMENDAR CONDUTOR(ES=1  
493372;FAZER EMENDA DE CABO NO PS 94369175 ATE O PS 943639097 LOCAL DIFICIL ACESSO NECESSARIO TRAZER UNS 200MT DE CABO POIS O MESMO ESTA COM MUITAS EMENDA, FOI ABERTO AS CHAVES NOS PS E DEIXADO O RESTANTE ENERGIZADO,  [PS=943639175 V4X4=SIM  CESTO=NAO  LV=NAO  CHVAB=SIM  JUMPAB=NAO  RISCOACID=NAO  CONSDESLIG=SIM  AVARIANAREDE=NAO   TODAREDEINSP=NAO  FONTESUB=NAO]  PS=943639175,EMENDAR CONDUTOR(ES=1  [PS=943639175,90-CABO  AL NU CAA  4 AWG - COM ALMA  ]
493373;EMENDA DE CABO AT PS 784984433 ATE O PS 931470308 SOMENTE IMENDA DE CABO 4WG CHAVE 8321634366 SE POSSIVEL TRAZER 3 BASTAO DA 34
493377;SERVICO     : EQUIPE      : CA095VEIC. ALOC. : E2186DATA        : 23/09/25 00:39 POR ADMSODREGIAO      : GOX 11 - URB E RUR1TIPO        : MENSAGEM LIVREMENSAGEM    : GERAR NDS PR FAZER EMENDA DE CABO 4 NO PS626966334 VIM DE DIA CHAVE 21334 FICOU ABERTA FOI MANDADO MACRO DE NS MA DE INCONCONSSISTECIA MENSAGEM LIVRE PRA REFORCAR INFORMACAO (SERVICO DE EMERGENCIA)
493379;GERAR NDS PR FAZER EMENDA DE CABO 3X2X35 NO PS 779981653 FEITO CORTE NO CABO NESSE PS TRAZER 25 MT CABO 3X2X25 DERRETEU UM PEDACO VAO LONGO VIM DE DIA OK TRAZER DUAS EMENNDA FECHAR O TR 47704 TA ABERTO NAO CHEGAMOS A NOITE CAO SOLTO ABRIR A CHAVE LA 8628891222 PR FAZER SERVICO OK CHAVE 92404 FOI FECHADA AS 23H22MIN,
493381;FAZER EMENDA DE JAMPER CRUZAMENTO AEREO CABO COBERTO  CRUZAMENTO 550557984 ..ABRIR CHAVE 13878,  [PS=550557984 V4X4=NAO  CESTO=SIM  LV=SIM  CHVAB=NAO  JUMPAB=NAO  RISCOACID=NAO  CONSDESLIG=SIM  AVARIANAREDE=SIM   TODAREDEINSP=SIM  FONTESUB=NAO]  PS=550557984,EMENDAR CONDUTOR(ES=1  [PS=550557984,1-CABO DE ALUM. COBERTO 15KV 35MM  ]
493382;GERAR NDS PARA REFAZER JUMPER DA CR 00313 LADO FONTE A MESMA FICOU ABERTA E SINALIZADA,  [PS=785290924 V4X4=NAO  CESTO=NAO  LV=NAO  CHVAB=SIM  JUMPAB=NAO  RISCOACID=NAO  CONSDESLIG=SIM  AVARIANAREDE=SIM   TODAREDEINSP=SIM  FONTESUB=NAO]  PS=785290924,REFAZER JUMPER=1  
493383;FAZER PODAS E EMENDAR CABO ROMPIDP TRAZER CABO 2 30 MTS E EMENDA TRAZER TBM PORTA FUSIVEL DA 15KV 2PORTA FUSIVEL E ESPACDORES,  [PS=625667252 V4X4=NAO  CESTO=SIM  LV=NAO  CHVAB=SIM  JUMPAB=NAO  RISCOACID=NAO  CONSDESLIG=SIM  AVARIANAREDE=SIM   TODAREDEINSP=NAO  FONTESUB=NAO]  PS=625667252,PODAR ARVORE=2  [PS=625667252,30-CABO AL NU 2 AWG  ]
493389;GERAR NDS PARA TROCAR 3 CF MARTELO E PARA RAIO TR49460 RUI ASESO PARA FASER O FEXAMENTO TEM Q ENTRA EN TERRENO DOS CLI PARA DAR O ANGULO DA PARA SER TROCADO QUANDO TIVE POCO CERVISO,  [PS=776997792 V4X4=NAO  CESTO=NAO  LV=NAO  CHVAB=NAO  JUMPAB=NAO  RISCOACID=NAO  CONSDESLIG=NAO  AVARIANAREDE=SIM   TODAREDEINSP=SIM  FONTESUB=NAO]  PS=776997792,SUBSTITUIR CHAVE UNIPOLAR=3  
493391;TRAZER CABO PRA EMENDA,  [PS=773431716 V4X4=SIM  CESTO=SIM  LV=NAO  CHVAB=NAO  JUMPAB=NAO  RISCOACID=NAO  CONSDESLIG=SIM  AVARIANAREDE=SIM   TODAREDEINSP=SIM  FONTESUB=NAO]  PS=773431716,EMENDAR CONDUTOR(ES=3  
493392;SERVICO     : EQUIPE      : CA066VEIC. ALOC. : E3F97DATA        : 22/09/25 22:52 POR ADMSODREGIAO      : BRO 01 - BARRACAOTIPO        : MENSAGEM LIVREMENSAGEM    : FAVOR DEIXAR GERADO NDS PRA EQUIPE DE LINHA VIVA COLOCAR ESTRIVO NOVO NA FASE B LADO FONTE NO RA 8324009880 , DEVIDO VENTANIA FORTE E TEMPORAL ACABOU SOLTANDO ESTRIVO E TAVA COM FALTA DE FASE , NO MOMENTO RA ESTA BAIPASSADO , SOBRE ACESSO CAMINHAO CHEGA ATE O LOCAL DO SERVICO (SERVICO DE EMERGENCIA)
493395;SUBS DO PS 630410589 QUE JA ESTAVA COM A CRUZETA REBAIXADA MESMO ABALRRUOU QUEBRANDO R FICOU ABERTO A SU 71020 ESQUENTADA PELO LADO CONTRARIO FICOU ABERTA A SU 71231 E FECHADA A SU 71787 E ABERTO ENTRADA E SAIDA DO RA 07884 NO LOCAL TERA QUE SER POSTE DE FIBRA POIS O CAMINHAO NAO TEM ACESSO  [PS=630410589 V4X4=SIM  CESTO=NAO  LV=NAO  CHVAB=SIM  JUMPAB=NAO  RISCOACID=NAO  CONSDESLIG=SIM  AVARIANAREDE=SIM   TODAREDEINSP=SIM  FONTESUB=NAO]  PS=630410589,POSTE AVARIADO/ABALROADO (SUBSTITUIR=1 PS=630410589,SUBSTITUIR CRUZETA(S=1 PS=630410589,TRANSFORMADOR AVARIADO=1  [PS=630410589,1-POSTE FIBRA VIDRO F/600/10,5M  PS=630410589,1-CRUZETA  POLIMERICA  PS=630410589,1-TRANSF. MONO. 33 KV     10 KVA  ]
493398;CABO PEGANDO FOGO NO CHAO  - PROX TRAFO  89180C0581 --- EQUIPE CA615  ISOLOU
493402;-- GERADO NDS NO PS 615156323 E PS 556023022, CABOS ROMPIDOS E FORA DO ISOLADOR.
493404;GERAR NDS PARA MANUTENCAO EMENDAR CABO ISOLADO DE AT 13KV  COMPACTA  VAI PRECISAR DE 5 MTS DE CABO ISOLADO QUE DERRETEU  CABO ROMPEU NO ESTRIBO DO GLV,  [PS=601195405 V4X4=NAO  CESTO=NAO  LV=NAO  CHVAB=SIM  JUMPAB=NAO  RISCOACID=NAO  CONSDESLIG=SIM  AVARIANAREDE=SIM   TODAREDEINSP=SIM  FONTESUB=SIM]  PS=601195405,PODAR ARVORE=01 PS=601195405,APRUMAR POSTE=01 PS=601195405,EMENDAR CONDUTOR(ES=01 PS=601195405,TRANSFORMADOR COM VAZAMENTO=01  
493406;REFAZER CONEXO CF16136 TERMINAL DE COBRE ENTRADA DA MESMA,  [PS=621829092 V4X4=NAO  CESTO=SIM  LV=SIM  CHVAB=SIM  JUMPAB=NAO  RISCOACID=NAO  CONSDESLIG=SIM  AVARIANAREDE=SIM   TODAREDEINSP=SIM  FONTESUB=NAO]  PS=621829092,SUBSTITUIR GLV (S=1  [PS=621829092,1-CABO COBRE XLPE 0,6/1KV 16 MM2  ]
493409;FAVOR GERAR NDS PRQ LINHA VIVA FASER A TROCA DO PS 772122455 O MESMO ESTA QUEBRADO SEGUNDO INFORMACAO DA NOC CAMINHAO BATEU MAS VEICULO CAUSADOR NAO TA NO LOCAL  ACESSO BOM NAO FICOU NINGUEM FORA MAS FASER O QUANTO ANTES QUE POSSIVEL,  [PS=772122455 V4X4=NAO  CESTO=SIM  LV=SIM  CHVAB=NAO  JUMPAB=NAO  RISCOACID=NAO  CONSDESLIG=NAO  AVARIANAREDE=SIM   TODAREDEINSP=SIM  FONTESUB=NAO]  PS=772122455,POSTE AVARIADO/ABALROADO (SUBSTITUIR=1  
493411;REPOSICIONAR OS ESPACADORES LOSANGULAR CORRETAMENTE NOS VAO DA COMPACTA ENTRE PS 597225553 AO 597225470,  [PS=597225553  V4X4=NAO  CESTO=SIM  CHVAB=NAO  JUMPAB=NAO  LV=SIM  CONSDESLIG=NAO  RISCOACID=NAO  AVARIANAREDE=NAO  TODAREDEINSP=SIM  FONTESUB=NAO]  PS=597225553,REFAZER AMARRACAO DO ESPACADOR LOSANGULAR=20  
493417;REFAZER JUMPER ROMPIDO FASE B QUE ATENDE A CH13232, A MESMA FICOU ABERTA ISOLANDO O DEFEITO, FOI INVERTIDO O CIRCUITO E FECHADO PELA CH 8025 AS 0910,  [PS=622129040 V4X4=NAO  CESTO=SIM  LV=SIM  CHVAB=SIM  JUMPAB=SIM  RISCOACID=SIM  CONSDESLIG=SIM  AVARIANAREDE=SIM   TODAREDEINSP=SIM  FONTESUB=NAO]  PS=622129040,REFAZER JUMPER=1  
493421;FAVOR GERAR NDS NO ALIMENTADOR  GERANIO NO PS  PARA EQUIPE DE CESTO AEREO EMENDAR CABO DE AT ROMPIDO NO PS 588788659, TRECHO FICOU ISOLADO ABERTO A CHAVE 8324005282, LOCAL DE FACIL ACESSO BEIRA DO ASFALTO, CABO ROMPEU BEM NO ESTRIBO.,  [PS=588788659  V4X4=SIM  CESTO=SIM  CHVAB=SIM  JUMPAB=NAO  LV=NAO  CONSDESLIG=SIM  RISCOACID=NAO  AVARIANAREDE=SIM  TODAREDEINSP=SIM  FONTESUB=NAO]  PS=588788659,EMENDAR CONDUTOR(ES=1  
493422;FAVOR GERAR NDS NO ALIMENTADOR  GERANIO NO PS  PARA EQUIPE DE CESTO AEREO EMENDAR CABO DE AT ROMPIDO NO PS 588788659, TRECHO FICOU ISOLADO ABERTO A CHAVE 8324005282, LOCAL DE FACIL ACESSO BEIRA DO ASFALTO, CABO ROMPEU BEM NO ESTRIBO.,  [PS=588788659 V4X4=SIM  CESTO=SIM  LV=NAO  CHVAB=SIM  JUMPAB=NAO  RISCOACID=NAO  CONSDESLIG=SIM  AVARIANAREDE=SIM   TODAREDEINSP=SIM  FONTESUB=NAO]  PS=588788659,EMENDAR CONDUTOR(ES=1  
493423;VERIFICAR SEQUENCIA FASE , POSSIVELMENTE INVERTIDA NA CHAVE 8918053507 SENTIDO CH 6603 , CLIENTES DA CHAVE 6683 COM SEQUENCIA INVERTIDA
493425;REFAZER EMEDA NO CABO DA MT DO PS 9897990229 TRAZER 80 MTS DE CABO CAA 4 AWG REFAZER EMEDA NO CABO DA MT DO PS 9897990229 TRAZER 80 MTS DE CABO CAA 4 AWG PDA FAZER O SERVICO LIVRE ACESSO PARA CAMINHAO
493426;NECESARIO APRUMAR POSTE 618212216, ESTA INCLINADO SOBRE A VIA AREA URBANA,NO LOCAL TEM BT E MT. PODE SER PROGRAMADO NINGUEM DESLIGADO,  [PS=618212216  V4X4=NAO  CESTO=NAO  CHVAB=NAO  JUMPAB=NAO  LV=NAO  CONSDESLIG=NAO  RISCOACID=NAO  AVARIANAREDE=SIM  TODAREDEINSP=SIM  FONTESUB=NAO]  PS=618212216,APRUMAR POSTE=1  
493429;REFAZER JUNPER NO PE DA CHAVE 8628824718,  [PS=571862568 V4X4=NAO  CESTO=SIM  LV=SIM  CHVAB=SIM  JUMPAB=NAO  RISCOACID=NAO  CONSDESLIG=SIM  AVARIANAREDE=NAO   TODAREDEINSP=SIM  FONTESUB=SIM]  PS=571862568,PODAR ARVORE=0 PS=571862568,APRUMAR POSTE=0 PS=571862568,REFAZER JUMPER=1 PS=571862568,TRANSFORMADO QUEIMADO=0 PS=571862568,EMENDAR CONDUTOR(ES=0  
493432;FAZER A EMENDA DO CABO DE ACO ROMPIDO NO PS 773388513 AO PS 1115595236 VAO SUPERIOR A 500 METROS CAIU UMA ARVORE EM CIMA SO UM CONSUMIDOR NA CHAVE 8324078007,  [PS=773388513 V4X4=SIM  CESTO=NAO  LV=NAO  CHVAB=SIM  JUMPAB=NAO  RISCOACID=NAO  CONSDESLIG=SIM  AVARIANAREDE=SIM   TODAREDEINSP=SIM  FONTESUB=NAO]  PS=773388513,EMENDAR CONDUTOR(ES=01 PS=773388513,PODAR ARVORE=05 PS=773388513,TRANSFORMADOR AVARIADO=0 PS=773388513,APRUMAR POSTE=0  
493434;NECESARIO APRUMAR POSTE 618212216, ESTA INCLINADO SOBRE A VIA AREA URBANA,NO LOCAL TEM BT E MT. PODE SER PROGRAMADO NINGUEM DESLIGADO,  [PS=618212216 V4X4=NAO  CESTO=NAO  LV=NAO  CHVAB=NAO  JUMPAB=NAO  RISCOACID=NAO  CONSDESLIG=NAO  AVARIANAREDE=SIM   TODAREDEINSP=SIM  FONTESUB=NAO]  PS=618212216,APRUMAR POSTE=1  
493438;FAZER EMENDA DAS TRES FAZES DA REDE PR TRIFAZICO E FAZER TENCIONAMENTO DOS CONDUTORES NO PS600429140,  [PS=600428835 V4X4=NAO  CESTO=NAO  LV=NAO  CHVAB=SIM  JUMPAB=SIM  RISCOACID=SIM  CONSDESLIG=SIM  AVARIANAREDE=SIM   TODAREDEINSP=SIM  FONTESUB=NAO]  PS=600428835,EMENDAR CONDUTOR(ES=3 PS=600428835,PODAR ARVORE=00 PS=600428835,APRUMAR POSTE=00 PS=600428835,TRANSFORMADO QUEIMADO=00  
493442;FAVOR GERAR NDS PARA EMENDA DE CONDUTOR ENTRE OS PS 627093305 E PS 627093311 CHAVE 7452 FICOU ABERTA , CAMINHONETE CHEGA PERTO DO POSTE,  [PS=627093305 V4X4=SIM  CESTO=NAO  LV=NAO  CHVAB=SIM  JUMPAB=NAO  RISCOACID=NAO  CONSDESLIG=SIM  AVARIANAREDE=SIM   TODAREDEINSP=NAO  FONTESUB=NAO]  PS=627093305,EMENDAR CONDUTOR(ES=1  
493444;PASSAR PRA MANUTENCAO TROCAR TR 52476 QUEIMADO NO PS 802353229 TRASER 1 TR DE 10 KVA NA 13.8 ACESSO BOM CHAVE 86743 FECHADA AS 10,30,  [PS=802353229 V4X4=SIM  CESTO=NAO  LV=NAO  CHVAB=NAO  JUMPAB=NAO  RISCOACID=NAO  CONSDESLIG=SIM  AVARIANAREDE=SIM   TODAREDEINSP=SIM  FONTESUB=NAO]  PS=802353229,TRANSFORMADO QUEIMADO=1  
493446;REFAZER JUMPER DO TR L7054 TRAZER PEDACO DE CABO E GLV,  [PS=621440266 V4X4=NAO  CESTO=NAO  LV=NAO  CHVAB=SIM  JUMPAB=SIM  RISCOACID=NAO  CONSDESLIG=SIM  AVARIANAREDE=SIM   TODAREDEINSP=NAO  FONTESUB=NAO]  PS=621440266,REFAZER JUMPER=1  
493449;CABOS DE AT ROMPIDOS -  PS 592703240
493453;PS 627249177 AVARIADO, TROCAR , RISCO DE QUEBRA
493456;REGULAR CHAVES SECCIONADORAS NAO ESTAO ALINHADAS, NAO FECHAM, PRINCIPALMENTE FASE C DA ENTRADA, MAS VERIFICAR AS DEMAIS. COM LV SEM GLV.,  [PS=772571509 V4X4=NAO  CESTO=SIM  LV=SIM  CHVAB=NAO  JUMPAB=NAO  RISCOACID=NAO  CONSDESLIG=NAO  AVARIANAREDE=SIM   TODAREDEINSP=SIM  FONTESUB=NAO]  PS=772571509,SUBSTITUIR CHAVE UNIPOLAR=1  
493459;REFAZER CRUZAMENTO AEREO COM LINHA VIVA  [PS=781485459 V4X4=NAO  CESTO=SIM  LV=SIM  CHVAB=SIM  JUMPAB=SIM  RISCOACID=NAO  CONSDESLIG=SIM  AVARIANAREDE=NAO   TODAREDEINSP=SIM  FONTESUB=NAO]  PS=781485459,REFAZER CRUZAMENTO AEREO=1  
493461;GERADO NDS PARA TROCAR TR N0557 75KW LOCAL DE FACIAL ACESSO TR ATENDE AVIARIO TRAZER 25MT DE RAMAL QUADRUPLEX35MM,  [PS=943639906 V4X4=SIM  CESTO=NAO  LV=NAO  CHVAB=NAO  JUMPAB=NAO  RISCOACID=NAO  CONSDESLIG=SIM  AVARIANAREDE=SIM   TODAREDEINSP=SIM  FONTESUB=NAO]  PS=943639906,TRANSFORMADO QUEIMADO=1  [PS=943639906,1-TRANF. TRIF. 13.2 KV    75 KVA  PS=943639906,25-QUADRUPLEX AL 35 MM2  ]
493463;CORTAR UMA 4 ARVORES E FAZER EMENDA CO CABO 3,09 ROUPIDO DA UNS 350 METROS DE DISTANCIA DO PS 773676383 AO PS 796113090 CHAVE 10518 FI OU ABERTA  LOCAL DE BO  ACESSO,  [PS=796113090 V4X4=NAO  CESTO=NAO  LV=NAO  CHVAB=SIM  JUMPAB=NAO  RISCOACID=NAO  CONSDESLIG=SIM  AVARIANAREDE=SIM   TODAREDEINSP=SIM  FONTESUB=NAO]  PS=796113090,CORTAR ARVORE COM MOTOSSERRA=04 PS=796113090,REFAZER ENGASTAMENTO DO POSTE=01 PS=796113090,EMENDAR CONDUTOR(ES=01 PS=796113090,TRANSFORMADOR AVARIADO=01  [PS=796113090,1-FIO ACO ZINCADO 3.09 MM  ]
493465;REDE BT RSI ROMPIDA NAS EMENDA LUVAS CORREO DOIS VAO NO CHAO FOI FEITO UM PROVISORIO PARA O CLIENTE FICAR COM LUZ , REDE FEITA RECENTEMENTE PROVAVELMENTE ESTA NA GARANTIA,  [PS=950282306 V4X4=NAO  CESTO=NAO  LV=NAO  CHVAB=NAO  JUMPAB=NAO  RISCOACID=NAO  CONSDESLIG=NAO  AVARIANAREDE=SIM   TODAREDEINSP=SIM  FONTESUB=NAO]  PS=950282306,EMENDAR CONDUTOR(ES=3  
493467;GERAR NDS PASSAR MANUTENCAO IMENDA DE CABO 3.09 NO PS 788967712 FICOU ABERTO GLV ,FICOU FECHADA 12567 AS 10:35 APENAS ESSA DERIVACAO FORA,  [PS=788967712 V4X4=NAO  CESTO=NAO  LV=NAO  CHVAB=NAO  JUMPAB=SIM  RISCOACID=NAO  CONSDESLIG=SIM  AVARIANAREDE=SIM   TODAREDEINSP=NAO  FONTESUB=NAO]  PS=788967712,EMENDAR CONDUTOR(ES=1  
493469;FAVOR GERAR NDS PARA EQUIPE LINHA VIVA REFAZER JUMPER NO AL EXPRESSO APARECIDA NO PS 940904514, TRECHO ISOLADO PELA CH 7379 E A CH 8297, LOCAL LIVRE ACESSO PARA CAMINHAO,  [PS=940904514 V4X4=NAO  CESTO=SIM  LV=SIM  CHVAB=SIM  JUMPAB=NAO  RISCOACID=NAO  CONSDESLIG=SIM  AVARIANAREDE=SIM   TODAREDEINSP=SIM  FONTESUB=SIM]  PS=940904514,REFAZER JUMPER=1  
493473;DESCARGA ATMOFERICA 4 PARARAIOS ATUADOS NA RDE NO TR R2946 2 PARARAIOS DA 34 NO TR F6900 E R0027 1 PARARAIO EM CADA TR MESMA FASE, PODE SER GERADO SERVICO PRA AGENCIA DE MEDIANEIRA, CLI LIGADOS,  [PS=790590252 V4X4=NAO  CESTO=SIM  LV=SIM  CHVAB=NAO  JUMPAB=NAO  RISCOACID=NAO  CONSDESLIG=NAO  AVARIANAREDE=SIM   TODAREDEINSP=SIM  FONTESUB=NAO]  PS=790590252,SUBSTITUIR PARARRAIO(S=4 PS=790590252,APRUMAR POSTE=0 PS=790590252,PODAR ARVORE=0 PS=790590252,EMENDAR CONDUTOR(ES=0 PS=790590252,TRANSFORMADO QUEIMADO=0  [PS=790590252,4-DESCARREGADOR 27 KV  ]
493477;TR QUEIMADO, FEITO TESTES A VAZIO O MESMO NAO ACEITOU,  [PS=551238942 V4X4=NAO  CESTO=NAO  LV=NAO  CHVAB=SIM  JUMPAB=SIM  RISCOACID=NAO  CONSDESLIG=SIM  AVARIANAREDE=SIM   TODAREDEINSP=SIM  FONTESUB=NAO]  PS=551238942,TRANSFORMADO QUEIMADO=1  [PS=551238942,1-TRANSF. TRIF. 33   KV     75KVA  ]
493480;FAVOR GERAR MDS PASSAR PARA MANUTENCAO EMENDAR CONDUTOR DE ACO 3.09 MM ROMPIDO E PODAR GALHOS DE PINHEIRO ENTRE O PS DA LA 8321611757 E O PS 887356465. CORTAR CIPOEIRA E REFAZER AMARRACAO JUMPER U4 NO PS 790928207,  [PS=790892734 V4X4=SIM  CESTO=NAO  LV=NAO  CHVAB=SIM  JUMPAB=NAO  RISCOACID=NAO  CONSDESLIG=SIM  AVARIANAREDE=SIM   TODAREDEINSP=SIM  FONTESUB=NAO]  PS=790892734,EMENDAR CONDUTOR(ES=1 PS=790892734,REFAZER CONEXAO NA REDE=1  
493482;EMENDAR CONDUTOR DE AT CABO 3.09 ENTRE OS PS 774957497 E 774957491, FICOU GLV ABERTO NO PS 774957497 E CR 6429 FICOU FECHADA, TERA QUE ABRIR A CR E FAZER ROCADA PARA EXECUTAR A EMENDA,  [PS=774957497 V4X4=SIM  CESTO=NAO  LV=NAO  CHVAB=NAO  JUMPAB=SIM  RISCOACID=NAO  CONSDESLIG=SIM  AVARIANAREDE=SIM   TODAREDEINSP=SIM  FONTESUB=NAO]  PS=774957497,EMENDAR CONDUTOR(ES=1  
493484;FAVOR GERAR NDS PRA EMENDA DE CONDUTORES DO PS 593018505 AO 593018428 SENDO 5 VAOS PRA AGEITAR LEVAR VARIAS EMENDAS DE CABO 35 COBERTO, FACIL ACESSO FICOU ABERTO SU 19311 E RA 59155
493487;CABO DE AT ROMPIDO NO PS 951488434, AO LADO DA CHAVE 59007, ABERTA, RA 9602 CHAVE DE SAIDA ABERTA, 27 CONSUMIDORES DESLIGADOS, CABO 4CAA,  [PS=951488434 V4X4=SIM  CESTO=NAO  LV=NAO  CHVAB=SIM  JUMPAB=NAO  RISCOACID=NAO  CONSDESLIG=SIM  AVARIANAREDE=SIM   TODAREDEINSP=SIM  FONTESUB=NAO]  PS=951488434,EMENDAR CONDUTOR(ES=1  
493489;POSTE D 150 QUEBRADO A CABECA EM DOIS LUGARES SUBSTITUIR,  [PS=615061545 V4X4=NAO  CESTO=NAO  LV=NAO  CHVAB=SIM  JUMPAB=NAO  RISCOACID=SIM  CONSDESLIG=SIM  AVARIANAREDE=SIM   TODAREDEINSP=SIM  FONTESUB=NAO]  PS=615061545,POSTE AVARIADO/ABALROADO (SUBSTITUIR=01 PS=615061545,PODAR ARVORE=1 PS=615061545,RETENSIONAR CONDUTOR=0 PS=615061545,TRANSFORMADOR AVARIADO=1  [PS=615061545,1-POSTE DUPLO T D/150/10.5 M  ]
493498;EMENDAR CABO 3,2X25 ROMPIDO NO PS 945996426, E O PS 94599619,  [PS=945996416 V4X4=NAO  CESTO=SIM  LV=NAO  CHVAB=SIM  JUMPAB=NAO  RISCOACID=NAO  CONSDESLIG=SIM  AVARIANAREDE=SIM   TODAREDEINSP=SIM  FONTESUB=NAO]  PS=945996416,EMENDAR CONDUTOR(ES=2  [PS=945996416,10-CABO  ACO 3.2.25 - 4,87 MM 3 FIOS  ]
493500;PS=773642422,POSTE AVARIADO/ABALROADO (SUBSTITUIR=1 
493504;GERADO NDS PARA TROCA DE TRANFORMADOR OLHAL 34KV 10KVA, REALIZADO TESTE COM CARGA E A VAZIO NO MESMO E NAO FUNCIONOU, TR A1448 NAO SAI ENERGIA NAS BUCHAS DE BT. TRAZER CHAVE FUSIVEL PARA PADRONIZAR A INSTALACAO., PS 773242432
493509;GERAR NDS PARA AGENCIA VEICULO COM CESTO 4X4 CORTAR ARVORE DE GRANDE PORTE DE CIMA PARA BAIXO ARVORE CAIU SOBRE A REDE BT NAO ROUPEU CABO CONSUMIDOR LIGADO FACIL ACEXSO PELO PORTAO DO SRMINARIO,  [PS=780703927 V4X4=NAO  CESTO=SIM  LV=NAO  CHVAB=NAO  JUMPAB=NAO  RISCOACID=SIM  CONSDESLIG=NAO  AVARIANAREDE=NAO   TODAREDEINSP=SIM  FONTESUB=NAO]  PS=780703927,CORTAR ARVORE COM MOTOSSERRA=1 PS=780703927,APRUMAR POSTE=1 PS=780703927,REPARAR CONDUTOR (TENTOS ROMPENDO=1 PS=780703927,TRANSFORMADOR AVARIADO=1  [PS=780703927,1-CABO  AL NU 2/0 AWG  ]
493511;GERAR NDS PARA FAZER EMENDA DE CONDUTOR MT 34.8 AL CORBELIA ENTRE OS PS 943314633 E O PS 943314630 TRAZER 2 LUVAS 4.0 CAA E POR GARANTIA TRAZER 5 METROS DE CABOS 4.0 CAA , NECESSARIO SUBIR EM 4 POSTES SOLTAR AMARRACAO PARA CORRER O CABO E TIRAR BAMBA , APRUMAR OS PS 943314630 E O PS 943314627 REFAZER CONEXAO DE XLPE CABECA DA CHAVE 94582 DERIVACAO MONO,   V4X4=NAO  CESTO=NAO  LV=NAO  CHVAB=SIM  JUMPAB=NAO  RISCOACID=NAO  CONSDESLIG=SIM  AVARIANAREDE=SIM   TODAREDEINSP=SIM  FONTESUB=NAO]  PS=943314633,EMENDAR CONDUTOR(ES=1 PS=943314633,APRUMAR POSTE=2 PS=943314618,SUBSTITUIR/INSTALAR ESTRIBO=1  [PS=943314633,5-CABO NU 4/0 CAA - COM ALMA  ]
493513;FAVOR GERAR NDS PARA EMENDA DE CONDUTOR NO PS 805934820,REPOSICIONAR CABO NO PS 805934824 E TROCAR A TRIP SAVER  06556 POR UMA CF,FICOU ABERTA,SINALIZADA E DESCONECTADO GLV DA TRIP SAVER 06556 LOCAL DE BOM ACESSO.,  [PS=805934820 V4X4=NAO  CESTO=NAO  LV=NAO  CHVAB=SIM  JUMPAB=NAO  RISCOACID=SIM  CONSDESLIG=SIM  AVARIANAREDE=SIM   TODAREDEINSP=SIM  FONTESUB=NAO]  PS=805934820,EMENDAR CONDUTOR(ES=1  
493516;REALIZAR MANUTENSAO NA CHAVE 8177683180 FASE C E MESMA NAO ESTA FECHANDO,
493520;TRAFO 89180T0918 QUEIMADO NECESSARIO SUBST 300M DE CABO 185
493526;FAVOR GERAR NDS PARA MANUTENCAO FAZER ROCADA ENTRE O PS POSTE 938798161 E POSTE 938798158, ABERTA LA 9691, CHAVE 02423 ESTA FECHADA, CR 02531 FICOU ABERTA, CRUZETA QUEBRADA NO PS POSTE 938798310, DIFICIL ACESSO AO LOCAL, PELA ROCA, ESTA COLHIDA.,   PS=938798161  V4X4=SIM  CESTO=NAO  CHVAB=SIM  JUMPAB=NAO  LV=NAO  CONSDESLIG=SIM  RISCOACID=NAO  AVARIANAREDE=SIM  TODAREDEINSP=SIM  FONTESUB=NAO]  PS=938798161,FAZER ROCADA=50 
493529;EMENDA CONDUTOR DE BT NO PS 622 224 391, ROMPEU NO CRUZAMENTO AEREO, NECESSARIO CESTO AEREOLIVRE ACESSOTR L1959 ABERTO,  [PS=622224391 V4X4=NAO  CESTO=SIM  LV=NAO  CHVAB=SIM  JUMPAB=NAO  RISCOACID=NAO  CONSDESLIG=SIM  AVARIANAREDE=SIM   TODAREDEINSP=SIM  FONTESUB=NAO]  PS=622224391,EMENDAR CONDUTOR(ES=1  
493532;NECESSARIO GERAR NDS PARA FAZER EMENDA DE CABO ROMPIDO PARANA TRIFASICO 70MM ISOLADO,  [PS=607743004 V4X4=NAO  CESTO=NAO  LV=NAO  CHVAB=SIM  JUMPAB=NAO  RISCOACID=NAO  CONSDESLIG=SIM  AVARIANAREDE=NAO   TODAREDEINSP=SIM  FONTESUB=NAO]  PS=607743004,EMENDAR CONDUTOR(ES=1  
493534;GERAR NDS PARA MANUTENCAO REALIZAR DOIS SERVICOS APRUMAR PS 1104809373 ESTA CAINDO SOBRE A ESTRADA FICOU DESLIGADO TRECHO PARA ISOLAR NA CHAVE 26151 E A 25430 TRECHK FICOU DESLIGADO
493536;GERAR NDS PARA MUNUTENCAO EM3NDAR CABOS NO TRECHO DA CHAVE 1196 VAO DE MAIS DE 600 METROS ROMPIDO CHAVE FICOU FECHADA ABERTO GLV NO PS 774959600 CABO ESTA ROMPIDO DO PS 774959579 AO PS 789802088 FAZER ROCADA DE 40 METROS
493538;SUBSTITUIR TR E 1 CHAVE FUSIVEL. TAMBEM TRAZER 35M DE RAMAL TRIPLEX 25MM,  [PS=893707526 V4X4=NAO  CESTO=NAO  LV=NAO  CHVAB=NAO  JUMPAB=NAO  RISCOACID=NAO  CONSDESLIG=SIM  AVARIANAREDE=SIM   TODAREDEINSP=SIM  FONTESUB=NAO]  PS=893707526,TRANSFORMADOR AVARIADO=1 PS=893707526,APRUMAR POSTE=0 PS=893707526,PODAR ARVORE=0 PS=893707526,EMENDAR CONDUTOR(ES=0  
493540;GERAR NDS SUBSTITUIR CRUZETA NO PS 1103998539 E PS 1103998566 SUBSTITUIR UM PARARAIO E CABOS FORA ISOLADOR, FICOU SU 25998 ABERTA, SU 26241 ABERTA E SU 24782 ABERTA, NA BEIRA DA ESTRADA, PARANA TRIFASSICO LIVRE ACESSO, EUCALIPTO CAIU SOBRE A REDE JA FOI RETIRADO,  [PS=110399853 V4X4=SIM  CESTO=NAO  LV=NAO  CHVAB=SIM  JUMPAB=NAO  RISCOACID=NAO  CONSDESLIG=SIM  AVARIANAREDE=SIM   TODAREDEINSP=SIM  FONTESUB=NAO]  PS=1103998539,SUBSTITUIR CRUZETA(S=2 PS=1103998539,SUBSTITUIR PARARRAIO(S=1 PS=1103998539,RETENSIONAR CONDUTOR=2  [PS=1103998539,2-CRUZETA POSTE CONCRETO L=2000MM  PS=1103998539,1-PARA-RAIOS 27KV10KA  ]
493542;GERADA NDS PARA EXECUTAR EMENDA DE CONDUTOR ENTRE OS PS (951340082 E 951340085 CF 18691FICOU ABERTA TRAZER 8 METROS DE CABO 4 AWG, VAI SER PRECISO FAZER ROCADA PARA EMENDA DE CABO, FICOU DOIS CONSUMIDOR SEM ENERGIA FOTOS NO GRUPO DA NDS AGFBL. FACIL ACESSO,  [PS=951340085 V4X4=NAO  CESTO=NAO  LV=NAO  CHVAB=SIM  JUMPAB=NAO  RISCOACID=NAO  CONSDESLIG=SIM  AVARIANAREDE=SIM   TODAREDEINSP=SIM  FONTESUB=NAO]  PS=951340085,EMENDAR CONDUTOR(ES=1 PS=951340085,FAZER ROCADA=1  [PS=951340085,8-CABO  AL NU CAA  4 AWG - COM ALMA  ]
493544;FAVOR GERAR NDS PARA EMENDAS DE CABOS NO TR A9015 A CHAVE A 2055 FICOU ABERTA , VAO LONGO ACESSO LAVOURA JA TA COLHIDO
493550;REFAZER JUMPER NA CHAVE 12599- NDS PARA ACERTO DO AUX DA EQUIPE DA REDE ALTA   
493554;JUMPER ROMPIDO PARA LINHA VIVA CHAVE FICOU ABERTA, FOTOS CA 198 VAI ENCAMINHAR NO GRUPO NDS
493556;GERAR NDS PARA SUBISTITUIR PS 625262948 NECESSARIO TRAZER UM POSTE DE FIBRA LOCAL DE DIFICIL ACESSO NAO CHEGA CAMINHAO CRUZETAS NAO APARENTAR TER QUEBRADA TRAZER ISOLADORES DA 13.8 POR PRECAUCAO....VAI SER NECESSARIO FAZER EMENDA DE CABO 3.2.25 DO PS QUEBRADO ATE PS 793800405 .. SE POSSIVEL DUAS EQUIPE SERA NECESSARIO 3 VAO PARA RETENCIONAR NO MESMO PS.. CHAVE 82308 FICOU ABERTA...,  [PS=625262948 V4X4=SIM  CESTO=NAO  LV=NAO  CHVAB=SIM  JUMPAB=NAO  RISCOACID=NAO  CONSDESLIG=SIM  AVARIANAREDE=SIM   TODAREDEINSP=NAO  FONTESUB=NAO]  PS=625262948,POSTE AVARIADO/ABALROADO (SUBSTITUIR=1  
493558;EMENDAR VAO LONGO DE CABO 4CAA ENTRE OS VAOS DOS PS 785090788 E 785090904 NA TS 7124 QUE FICOU ABERTA O ACESSO A PE MEIO LAVOURA PELO TR E0302,  [PS=785090788 V4X4=NAO  CESTO=NAO  LV=NAO  CHVAB=SIM  JUMPAB=NAO  RISCOACID=NAO  CONSDESLIG=SIM  AVARIANAREDE=SIM   TODAREDEINSP=NAO  FONTESUB=NAO]  PS=785090788,EMENDAR CONDUTOR(ES=1  
493559;GERAR NDS PARA FAZER EMENDA DE CONDUTOR ENTRE OS PS 560859709 AO PS 560859640 BOM ACESSO TERA QUE FAZER PODAS
493563;GERADO NDS PARA RETENCIONAMENTO DE CABOS DO PS:603904488 ATE O PS:877150604. NECESSARIO URGENCIA POS CABO ESTA PASSANDO SOBRE A ESTRADA E ESTA IMPEDINDO A PASSAGEM DE CAMINHOES,  [PS=603904487 V4X4=NAO  CESTO=SIM  LV=NAO  CHVAB=SIM  JUMPAB=NAO  RISCOACID=NAO  CONSDESLIG=SIM  AVARIANAREDE=SIM   TODAREDEINSP=SIM  FONTESUB=NAO]  PS=603904487,RETENSIONAR CONDUTOR=5  
493565;TROCAR TR 8628841888 QUEIMADO, FEITO TESTE A VAZIO, TROCADA CHAVE TAMBEM E NAO ACEITOU. REDE NOVA BOM ACESSO.,  [PS=879053360 V4X4=SIM  CESTO=NAO  LV=NAO  CHVAB=NAO  JUMPAB=NAO  RISCOACID=NAO  CONSDESLIG=SIM  AVARIANAREDE=SIM   TODAREDEINSP=SIM  FONTESUB=NAO]  PS=879053360,TRANSFORMADO QUEIMADO=1  [PS=879053360,1-TRANSF. MONO. 33 KV     25 KVA  ]
493567;GERADO NDS PARA SUBSTITUIR POSTE QUEBRA ARVORE CAIU ENCIMA CHAVE 10102 FOCOU FECHADA NO LOCAL JAMPER 815555017 FICOU ABERTO NO LOCALPOSTE QUEBRADO PS 581715274,  [PS=771515206 V4X4=NAO  CESTO=NAO  LV=NAO  CHVAB=NAO  JUMPAB=SIM  RISCOACID=NAO  CONSDESLIG=SIM  AVARIANAREDE=SIM   TODAREDEINSP=SIM  FONTESUB=NAO]  PS=581715274,POSTE AVARIADO/ABALROADO (SUBSTITUIR=1  [PS=581715274,1-POSTE DUPLO T B/300/10.5M  ]
493570;CESTO AEREO RECONECTAR GLZ QUE ESCAPOU DO ESTRIBO,SS SERA EXECUTADA PELA AGENCIA.,  [PS=612853631 V4X4=NAO  CESTO=SIM  LV=NAO  CHVAB=SIM  JUMPAB=NAO  RISCOACID=NAO  CONSDESLIG=SIM  AVARIANAREDE=SIM   TODAREDEINSP=SIM  FONTESUB=NAO]  PS=612853631,SUBSTITUIR GLV (S=1  
493572;PROGRAMAR PARA SUBSTITUIR POSTE DA REDE.,  [PS=619760015 V4X4=NAO  CESTO=NAO  LV=NAO  CHVAB=NAO  JUMPAB=NAO  RISCOACID=SIM  CONSDESLIG=NAO  AVARIANAREDE=SIM   TODAREDEINSP=SIM  FONTESUB=NAO]  PS=619760015,POSTE AVARIADO/ABALROADO (SUBSTITUIR=01 PS=619760015,PODAR ARVORE=01 PS=619760015,EMENDAR CONDUTOR(ES=01 PS=619760015,TRANSFORMADOR AVARIADO=01  [PS=619760015,1-POSTE CIRCULAR C16/400/  11M  ]
493579;PASSAR NDS PARA CESTO EMENDAR CABO 2 CA, PODAR ARVORE NO LOCAL  ACESSO BOM RUA TR E0590 FICOU ABERTO TRAZER 10 METROS DE CABO 2CA QUE FOI CORTADO,  [PS=620619803 V4X4=NAO  CESTO=SIM  LV=NAO  CHVAB=NAO  JUMPAB=NAO  RISCOACID=SIM  CONSDESLIG=SIM  AVARIANAREDE=SIM   TODAREDEINSP=SIM  FONTESUB=NAO]  PS=620619803,EMENDAR CONDUTOR(ES=1  [PS=620619803,10-CABO AL NU 2 AWG  ]
493581;E REDE NOVA NA TE OS PS DEFEITO EXTA ENTR CHAVE 89847 E CHAVE50443, TROCAR N4 POSTE B600, VARIOS PONTOS COM CABOS PR3F 35MM ROMPIDO E PARA RAIOS QUEBADOS NDS COMPLEMENTAR DA 492779 - POSTE QUEBRADO.
493582;TROCAR POSTE E EMENDAR CONDUTOR DE AT NO PS 784617221 ATE O PS 784617213, POSTE SER TROCADO NO PS  784617221 CHAVE TRIPER8321612216 ABERTA,  [PS=784617221 V4X4=NAO  CESTO=NAO  LV=NAO  CHVAB=SIM  JUMPAB=NAO  RISCOACID=NAO  CONSDESLIG=SIM  AVARIANAREDE=SIM   TODAREDEINSP=NAO  FONTESUB=NAO]  PS=784617221,POSTE AVARIADO/ABALROADO (SUBSTITUIR=1 PS=784617221,EMENDAR CONDUTOR(ES=1  [PS=784617221,1-POSTE DUPLO T B/300/12,0M  PS=784617221,50-FIO  AL AMARRACAO 4 AWG  ]
493583;EMENDAR CABO 3,09 PS 622329283 ..4 VAOS PARA TRAZ ARREBENTADOS,  [PS=622329283 V4X4=SIM  CESTO=NAO  LV=NAO  CHVAB=SIM  JUMPAB=NAO  RISCOACID=NAO  CONSDESLIG=SIM  AVARIANAREDE=SIM   TODAREDEINSP=SIM  FONTESUB=NAO]  PS=622329283,EMENDAR CONDUTOR(ES=1  [PS=622329283,1-FIO ACO ZINCADO 3.09 MM  ]
493586;GERADO NDS PARA FAZER EMENDA DE CABO NO PS945902158 E NO PS 945902057 O MESMO CAIU UMA ARVORE DE GRANDE PORTE NA REDE E ROMPEU OS CABOS E QUEBROU A CRUZETA E TEM QUE CORTA AARVORE PRA LIBERAR OS CABOS E LIMPA AREDE,  [PS=945902158 V4X4=SIM  CESTO=NAO  LV=NAO  CHVAB=SIM  JUMPAB=NAO  RISCOACID=NAO  CONSDESLIG=SIM  AVARIANAREDE=NAO   TODAREDEINSP=SIM  FONTESUB=NAO]  PS=945902158,EMENDAR CONDUTOR(ES=2  [PS=945902158,2-CABO AL NU 4 CA AWG - SEM ALMA  ]
493587;COMPLEMENTAR A NDS 493365 TROCAR PS 954481713
493589;TROCA O TR COM VAZAMENTO   MAIS O CLIENTE NAO PODE FICA SEM LUZ COMPLEMENTAR NDS 492772 - URGENTE
493591;GERADO NDS PARA EMENDAR CABO CONDTOR DE AT TRAZER 70METROS DE CABO 35MM 2 LUVAS DE EMENDA 35MM TROCA O PS 1103094227. PONTO DO DEFEITO APARTI DO PS 1103094227 ATE O PS 1103094319,  [PS=110309422 V4X4=SIM  CESTO=NAO  LV=NAO  CHVAB=SIM  JUMPAB=NAO  RISCOACID=SIM  CONSDESLIG=SIM  AVARIANAREDE=NAO   TODAREDEINSP=SIM  FONTESUB=NAO]  PS=1103094319,EMENDAR CONDUTOR(ES=1  [PS=1103094227,70-CABO,ELET COBERTOCU1X 35 MM  PS=1103094227,2-PARA-RAIO  15 KV POLIMERICO  PS=1103094227,15-FIO DE ALUMINIO COBERTO P/AMARRACAO  PS=1103094319,1-POSTE DUPLO T B/600/12.0 M  ]
493594;,PS=615050355,EMENDAR CONDUTOR(ES [PS=615050355 V4X4=NAO  CESTO=NAO  LV=NAO  CHVAB=SIM  JUMPAB=NAO  RISCOACID=NAO  CONSDESLIG=SIM  AVARIANAREDE=SIM   TODAREDEINSP=SIM  FONTESUB=NAO]  PS=615050355,EMENDAR CONDUTOR(ES=1 PS=615050339,RETENSIONAR CONDUTOR=1  [PS=615050355,1-CABO  AL NU CAA  4 AWG - COM ALMA  ]
493596;FAVOR GERAR NDS PARA SUBISTITUIR TR QUEIMADO L6967 TRAZER 1 TR DE 10 KVA DA 13 KV LOCAL DE BOM ACESSO CLIENTE PEDE COM URGENCIA TA CEM AGUA E CASA DEPENDE DE BOMBA TAMBEM TEM LEITE ESTRAGANDO,  [PS=906032071 V4X4=SIM  CESTO=NAO  LV=NAO  CHVAB=NAO  JUMPAB=NAO  RISCOACID=NAO  CONSDESLIG=SIM  AVARIANAREDE=NAO   TODAREDEINSP=SIM  FONTESUB=NAO]  PS=906032071,TRANSFORMADO QUEIMADO=1  [PS=906032071,1-TRANSF. MONO. 13.2KV-254V 10 KVA  ]
493602;,  [PS=941547946 V4X4=NAO  CESTO=NAO  LV=NAO  CHVAB=SIM  JUMPAB=NAO  RISCOACID=NAO  CONSDESLIG=SIM  AVARIANAREDE=NAO   TODAREDEINSP=SIM  FONTESUB=NAO]  PS=941547946,APRUMAR POSTE=0 PS=941547946,PODAR ARVORE=0 PS=941547946,EMENDAR CONDUTOR(ES=4 PS=941547946,TRANSFORMADOR AVARIADO=0  [PS=941547946,5-CABO AL NU 2 AWG  ]
493605;PS=950626770,RETIRAR GALHOS/CASCAS DA REDE=3 PS=950626773,POSTE AVARIADO/ABALROADO (SUBSTITUIR=1 PS=950626764,EMENDAR CONDUTOR(ES=5 [PS=950626764 V4X4=SIM  CESTO=NAO  LV=SIM  CHVAB=SIM  JUMPAB=NAO  RISCOACID=NAO  CONSDESLIG=SIM  AVARIANAREDE=SIM   TODAREDEINSP=SIM  FONTESUB=NAO]  PS=950626770,RETIRAR GALHOS/CASCAS DA REDE=3 PS=950626773,POSTE AVARIADO/ABALROADO (SUBSTITUIR=1 PS=950626764,EMENDAR CONDUTOR(ES=5 PS=950626764,TRANSFORMADO QUEIMADO=0  [PS=950626764,2-CRUZETA POSTE CONCRETO L=2000MM  PS=950626764,1-POSTE DUPLO T B/600/12.0 M  ]
493607;GERAR NDS PRA TROCAR POSTE QUEBRADO DE 10,5 B300 NO PS 776823201 TRASER TR DE 15, NO CASO BUXA BAIXA TA TRICANCA E EMENDA 3,2, 25, FICO ABERTO JAMPER NO PS 627446468 CHAVE 10720 FECHADA, LOCAL DE BOM ACESSO,  [PS=776823201 V4X4=SIM  CESTO=NAO  LV=NAO  CHVAB=NAO  JUMPAB=SIM  RISCOACID=NAO  CONSDESLIG=SIM  AVARIANAREDE=NAO   TODAREDEINSP=SIM  FONTESUB=NAO]  PS=776823201,POSTE AVARIADO/ABALROADO (SUBSTITUIR=1  [PS=776823201,1-POSTE DUPLO T B/300/10.5M  ]
493610;EMENDA DE CONDUTOR NO PS 943485199 EMENDA TAMBEM NO PS 943485366 ATE A CF 2243 TRAZER 300 MTS DE CABO 4 USAR ESTAI NO PS 943485366 E ROCADA NO VAO DE UNS 200 MTS COM EUCALIPTO FACIL ACESSO,  [PS=943485223 V4X4=SIM  CESTO=NAO  LV=NAO  CHVAB=SIM  JUMPAB=SIM  RISCOACID=NAO  CONSDESLIG=SIM  AVARIANAREDE=SIM   TODAREDEINSP=SIM  FONTESUB=NAO]  PS=943485223,EMENDAR CONDUTOR(ES=90  [PS=943485223,90-CABO  AL NU CAA  4 AWG - COM ALMA  ]
493612;REFAZER ESTAI OU EMENDAR ESTAI O MESMO ESTA ROMPIDO FAZENDO COM QUE CABOS FIQUEM BAIXOS ANCORAGEM E PEDRA ESTA OK NAO PRECISA SER REPOSTO ACESSO ATE LADO DO POSTE,  [PS=951447214 V4X4=SIM  CESTO=NAO  LV=NAO  CHVAB=NAO  JUMPAB=NAO  RISCOACID=SIM  CONSDESLIG=NAO  AVARIANAREDE=SIM   TODAREDEINSP=SIM  FONTESUB=NAO]  PS=951447214,REFAZER ESTAI=1  [PS=951447214,1-CORDOALHA DE FIOS DE ACO HS 9,5MM  ]
493614;CABOS DE AT 4CAA ROMPIDO NO PS 895874330 CHAVE DE AT 8243 FICOU ABERTA VAO LONGO EM MEIO MATO,  [PS=895874330 V4X4=NAO  CESTO=NAO  LV=NAO  CHVAB=SIM  JUMPAB=NAO  RISCOACID=NAO  CONSDESLIG=SIM  AVARIANAREDE=SIM   TODAREDEINSP=SIM  FONTESUB=NAO]  PS=895874330,EMENDAR CONDUTOR(ES=3  
493618;APRUMAR POSTE PS 615177080 E INSTALAR ESTAI- POSTE COM RISCO DE CAIR - REDE FICOU LIGADA
493621;NDS PARA LINHA VIVA COLOCAR ESPACADOS LOSANGULAR (NINJA NO CIRCUITO DA CF 8321616058 VARIOS PONTOS
493622;COMPLEMENTAR NDS 492992EMENDA CABO NO PS 580769916 , FAZER ROCADA  NO TRECHO   FOI ISOLADO CABO PELAS CH 59076 E 59273, TRAZER UNS 5 M DE CABO 4AWG,  ACESSO BOM  FOTO NO GRUPO NDS,   PS=580769916,FAZER ROCADA=10 PS=580769916,APRUMAR POSTE=01 PS=580769916,EMENDAR CONDUTOR(ES=10 PS=580769916,TRANSFORMADOR COM VAZAMENTO=01  
493630;,  [PS=600964396 V4X4=NAO  CESTO=NAO  LV=NAO  CHVAB=SIM  JUMPAB=NAO  RISCOACID=NAO  CONSDESLIG=SIM  AVARIANAREDE=SIM   TODAREDEINSP=SIM  FONTESUB=SIM]  PS=600964396,PODAR ARVORE=99 PS=600964396,APRUMAR POSTE=99 PS=600964396,TRANSFORMADOR COM VAZAMENTO=01 PS=600964396,RETENSIONAR CONDUTOR=99  [PS=600964396,1-CRUZETA DE CONCRETO TIPO  T   PS=600964396,1-CHAVE FUSIVEL C -  POLIMERICA 27KV 300A  PS=600964396,1-TRANSF. TRIF. 33   KV     75KVA  ]
493633;TR QUEIMADO, GERANDO NDS PARA SUBSTITUIR O MESMO.,  [PS=554077797 V4X4=NAO  CESTO=NAO  LV=NAO  CHVAB=NAO  JUMPAB=NAO  RISCOACID=NAO  CONSDESLIG=SIM  AVARIANAREDE=SIM   TODAREDEINSP=SIM  FONTESUB=NAO]  PS=554077797,TRANSFORMADO QUEIMADO=1 PS=554077797,APRUMAR POSTE=1 PS=554077797,PODAR ARVORE=1 PS=554077797,RETENSIONAR CONDUTOR=1  [PS=554077797,1-TRANSF. MONO  15KVA OVI  ]
493635;TRANSFORMADOR  COM BUCHA DE ENTRADA  QUEBRADA  LOCAL DE FACO ACESSO  ULTIMO CLIENTE  DA ESTRADA  ( TRAFO FICOU DESLIGADO,  [PS=795413234 V4X4=SIM  CESTO=NAO  LV=NAO  CHVAB=NAO  JUMPAB=NAO  RISCOACID=SIM  CONSDESLIG=SIM  AVARIANAREDE=SIM   TODAREDEINSP=SIM  FONTESUB=NAO]  PS=795413234,TRANSFORMADOR AVARIADO=1  [PS=795413234,1-TRANSF. MONO  10KVA OVI  ]
493638;NDS PARA TROCA DO TRANSFORMADOR DO165 OU SOMENTE O ISOLADOR DO MESMO QUE ESTA BEM AVARIADO, FOI DEIXADO CLIENTE COM LUZ POREM DEVIDO A ESSA FALHA A CHAVE TA CAINDO CONSTANTEMENTE,  [PS=599605423 V4X4=NAO  CESTO=NAO  LV=NAO  CHVAB=NAO  JUMPAB=NAO  RISCOACID=NAO  CONSDESLIG=NAO  AVARIANAREDE=SIM   TODAREDEINSP=SIM  FONTESUB=NAO]  PS=599605423,TRANSFORMADOR AVARIADO=1 PS=599605423,TRANSFORMADOR COM VAZAMENTO=1  [PS=599605423,1-TRANSF. MONO  15KVA OVI  ]
493640;PS 597845461 QUEBRADO , REDE LIGADA PODE SER PROGRAMADA
493641;RETIRAR ARVORE EUCALIPTO DE CIMA DA REDE E EMENDAR UMA DAS FASES CAB9 4AWG CAA. DIFICIL ACESSO. RDR CEI. FICOU ABERTA CHAVE 10337,  [PS=779681726 V4X4=SIM  CESTO=NAO  LV=NAO  CHVAB=SIM  JUMPAB=NAO  RISCOACID=NAO  CONSDESLIG=SIM  AVARIANAREDE=SIM   TODAREDEINSP=SIM  FONTESUB=NAO]  PS=779681726,CORTAR ARVORE COM MOTOSSERRA=1 PS=779681726,APRUMAR POSTE=0 PS=779681726,TRANSFORMADO QUEIMADO=0 PS=779681726,EMENDAR CONDUTOR(ES=0  [PS=779681726,1-CABO  AL NU CAA  4 AWG - COM ALMA  ]
493642;GERADO NDS PARA SUBSTITUICAO DO TR ...FEITO TESTE IDENTIFICADO Q BUCHA SEGUNDARIA FASE C DO TR P0916 ESTAVA DANIFICADA,QUEBRADA,CH FICOU ABERTA,CONSUMIDORES DESLIGADOS,,,,  [PS=772654680 V4X4=NAO  CESTO=NAO  LV=NAO  CHVAB=SIM  JUMPAB=NAO  RISCOACID=NAO  CONSDESLIG=SIM  AVARIANAREDE=SIM   TODAREDEINSP=SIM  FONTESUB=NAO]  PS=772654680,TRANSFORMADOR AVARIADO=1  [PS=772654680,1-TRANSF. TRIF. 13.2 KV    30 KVA  ]
493645;FAVOR GERAR NDS PRA LINHA VIVA REGULAR OU TROCAR A SU 8628871090 EQUIPE TENTOU ABRIR COM CUTARC LOD BUSTER MAS NAO ABRIU FASE A E C EMPERRADAS TIVEMOS QUE ABRIR ALIM, SCESSO ,OM NA BEIRA DA RODOVIA EQUIPE MEDIU DO PS ATE A BEIRA DA BR 10 METROS SOBRANDO ANALISAR VE SE ALCANCA A LANCA DO CESTO LINHA VIVA SE NAO TERA QUE PROGRAMAR... TRASER DUAS SU DA 34 DE PREVENCAO,  [PS=560766588 V4X4=NAO  CESTO=SIM  LV=SIM  CHVAB=SIM  JUMPAB=NAO  RISCOACID=NAO  CONSDESLIG=NAO  AVARIANAREDE=SIM   TODAREDEINSP=SIM  FONTESUB=NAO]  PS=560766588,SUBSTITUIR CHAVE UNIPOLAR=2  
493647;FAVOR GERAR SERVICO PARA MANUTENCAO FAZER EMENDA DE CABO DE AT ENTRE OS PS627227371 ATE O PS627273378 VAO DE ESTRUTURA HTE LEVAR EMENDA PARA CABO 4AWG ACESSO BOM PELA ESTRADA DA CR 10626 ONDE NAO TEM PORTAO CADEADO FICOU ABERTA LA08283 CR 23842 ESTA FECHADA,  [PS=627227378 V4X4=NAO  CESTO=NAO  LV=NAO  CHVAB=SIM  JUMPAB=NAO  RISCOACID=NAO  CONSDESLIG=SIM  AVARIANAREDE=SIM   TODAREDEINSP=NAO  FONTESUB=NAO]  PS=627227378,EMENDAR CONDUTOR(ES=1  
493651;, PS=938398877,TRANSFORMADOR COM VAZAMENTO=01 [PS=938398877 V4X4=NAO  CESTO=NAO  LV=NAO  CHVAB=SIM  JUMPAB=NAO  RISCOACID=NAO  CONSDESLIG=SIM  AVARIANAREDE=SIM   TODAREDEINSP=SIM  FONTESUB=NAO]  PS=938398877,TRANSFORMADOR COM VAZAMENTO=01 PS=938398877,PODAR ARVORE=99 PS=938398877,EMENDAR CONDUTOR(ES=99 PS=938398877,APRUMAR POSTE=99  [PS=938398877,1-CRUZETA DE CONCRETO TIPO  T   PS=938398877,1-CHAVE FUSIVEL C -  POLIMERICA 27KV 300A  PS=938398877,1-TRANSF. TRIF. 33   KV     75KVA  ]
493654;RECOLOCAR ESTRIBO FASE (C, GLV FICOU FECHADO DIRETO NO CABO, PODE SER FEITO COM LV.... FACIL ACESSO,  [PS=788094356 V4X4=NAO  CESTO=SIM  LV=SIM  CHVAB=NAO  JUMPAB=NAO  RISCOACID=NAO  CONSDESLIG=NAO  AVARIANAREDE=SIM   TODAREDEINSP=NAO  FONTESUB=NAO]  PS=788094356,SUBSTITUIR/INSTALAR ESTRIBO=1  
493656;GERAR NDS PARA TROCAR TR 83240B1501, QUEIMOU UMA SAIDA DE BT, VERIFICADO OS FUSIVEIS E ESTAO OK, ESTA VASANDO OLEO, TR FICOU TOTALMENTE ABERTO,  [PS=771815716 V4X4=NAO  CESTO=NAO  LV=NAO  CHVAB=SIM  JUMPAB=NAO  RISCOACID=SIM  CONSDESLIG=SIM  AVARIANAREDE=SIM   TODAREDEINSP=SIM  FONTESUB=NAO]  PS=771815716,TRANSFORMADO QUEIMADO=1  [PS=771815716,1-TRANSF. TRIF. 33   KV     75KVA  ]
493660;EMENDAR CABO REPOSICIONA CRUZETA,  [PS=951135038 V4X4=NAO  CESTO=NAO  LV=NAO  CHVAB=NAO  JUMPAB=NAO  RISCOACID=NAO  CONSDESLIG=SIM  AVARIANAREDE=SIM   TODAREDEINSP=SIM  FONTESUB=SIM]  PS=951135038,SUBSTITUIR MAO FRANCESA=1 PS=951135038,EMENDAR CONDUTOR(ES=1  [PS=951135038,80-CABO  AL NU CAA  4 AWG - COM ALMA  ]
493661;TRANSFORMADOR QUEIMADO, FEITO MEDICAO COM VOLT NOS BORNE DO TR E NAO ESTA PASANDO CORRENTE, PERCORRIDO REDE NENHUMA CHAVE ABERTA,,  [PS=625667252 V4X4=NAO  CESTO=SIM  LV=NAO  CHVAB=SIM  JUMPAB=NAO  RISCOACID=NAO  CONSDESLIG=SIM  AVARIANAREDE=SIM   TODAREDEINSP=SIM  FONTESUB=SIM]  PS=625667252,TRANSFORMADOR AVARIADO=1  [PS=625667252,1-TRANSF. TRIF. 13.2 KV    30 KVA  ]
493662;POSTE QUEBRADO PS 880065336 -LEVAR POSTE B300 12,5 CRUZETA E 3 ISOLADORES
493664;TR QUEIMADO ABERTO NO LOCAL. REDE BT INTERLIGADA NO TR L8911 30KV NA 13,8KV [PS=625667252 V4X4=NAO  CESTO=SIM  LV=NAO  CHVAB=NAO  JUMPAB=NAO  RISCOACID=NAO  CONSDESLIG=NAO  AVARIANAREDE=SIM   TODAREDEINSP=SIM  FONTESUB=SIM]  PS=625667252,TRANSFORMADOR AVARIADO=1  [PS=625667252,1-TRANSF. TRIF. 13.2 KV    30 KVA  ]
493666;FASER TROCA DO TR D5727 QUE ESTA  DESTRUIDO PELO VENDAVAL TRASER 2 CHAVES DA 34 3 PARARAIOS E REFASER JAMPER  E APRUMAR O POSTE Q ESTA BEM TORTO,  [PS=775119348 V4X4=NAO  CESTO=NAO  LV=NAO  CHVAB=SIM  JUMPAB=NAO  RISCOACID=SIM  CONSDESLIG=SIM  AVARIANAREDE=SIM   TODAREDEINSP=SIM  FONTESUB=NAO]  PS=775119348,APRUMAR POSTE=1 PS=775119348,REFAZER JUMPER=3 PS=775119348,TRANSFORMADO QUEIMADO=1  
493670;GERAR NDS PARA FAZER EMENDA DE CONDUTOR ENTRE OS PS 774959106 AO PS 794856458 TERA QUE FAZER ROCADA ACESSO PELA LAVOURA FICOU JAMPER ABERTO NO PS 774959106GERAR NDS PARA FAZER EMENDA DE CONDUTOR ENTRE OS PS 774959106 AO PS 794856458 TERA QUE FAZER ROCADA ACESSO PELA LAVOURA FICOU JAMPER ABERTO NO PS 774959106
493673;FAVOR GERAR NDS PARA MANUTENCAO INSTALAR CHAVE 8177605775 E EMENDAR CABO 09 PASSA POR CIMA DA BR E SUBSTITUIR PS 610705866 ARVORE CAIU SOBRE A REDE , CHAVE FICOU ABERTA LOCAL TEM ACESSO , CASO PRECISE DE AUXILIO PARA PUXAR CAMINHAO PODE LIGAR NO FONE 45991232608 ATENDE POR ANDREI CLIENTE AJUDA.,  [PS=610705866 V4X4=SIM  CESTO=NAO  LV=NAO  CHVAB=SIM  JUMPAB=NAO  RISCOACID=NAO  CONSDESLIG=SIM  AVARIANAREDE=SIM   TODAREDEINSP=NAO  FONTESUB=NAO]  PS=610705866,POSTE AVARIADO/ABALROADO (SUBSTITUIR=1 PS=610705866,EMENDAR CONDUTOR(ES=1 PS=610705866,CORTAR ARVORE COM MOTOSSERRA=2  
493675;CABOS DE BT ROMPIDOS. FACIL ACESSO.  CLIENTE ROCOU EMBAIXO REDE DESLIGADA. NAO PODEMOS EXECUTAR POR FALTA DE NR35.,  [PS=774986660 V4X4=NAO  CESTO=NAO  LV=NAO  CHVAB=SIM  JUMPAB=NAO  RISCOACID=NAO  CONSDESLIG=SIM  AVARIANAREDE=SIM   TODAREDEINSP=SIM  FONTESUB=NAO]  PS=774986660,EMENDAR CONDUTOR(ES=3  
493677;EMENDAR FASE A E NEUTRO CABO 4AWG CAA, PODAR ARVORES QUE CAUSARAM CURTO NA BT. TRAZER 3 METROS DE CABO, PARA-RAIO E EMENDAS. LIVRE ACESSO. RDR CEI,  [PS=771603375 V4X4=NAO  CESTO=NAO  LV=NAO  CHVAB=NAO  JUMPAB=NAO  RISCOACID=NAO  CONSDESLIG=SIM  AVARIANAREDE=SIM   TODAREDEINSP=SIM  FONTESUB=NAO]  PS=771603375,PODAR ARVORE=7 PS=771603375,EMENDAR CONDUTOR(ES=2 PS=771603375,APRUMAR POSTE=0 PS=771603375,SUBSTITUIR PARARRAIO(S=1 PS=771603375,TRANSFORMADOR AVARIADO=0  [PS=771603375,3-CABO  AL NU CAA  4 AWG - COM ALMA  PS=771603375,1-PARA-RAIOS 27KV10KA  ]
493678;FAZEE EMENDA CONDUTOR DE AT CHAVE 419 ABERTA,  [PS=617455693 V4X4=NAO  CESTO=NAO  LV=NAO  CHVAB=SIM  JUMPAB=NAO  RISCOACID=NAO  CONSDESLIG=SIM  AVARIANAREDE=SIM   TODAREDEINSP=SIM  FONTESUB=NAO]  PS=617455693,PODAR ARVORE=10 PS=617455693,EMENDAR CONDUTOR(ES=1  
493682;FAZER IMEMDA DE CABO ENTRE O PS 606539674 EO 606539390 TRAZER 5 MT DE CABO 2 COM ALMA LOCAL DE LIVRE ACESSO  CHAVE 52309 FICO ABERTA EA CHAVE 52314 FICO ABERTA TANBEM IARA ESFRIA O TREXO E ESTAVA SENDO ALIMENTADA PELA 52401,  [PS=606539674 V4X4=NAO  CESTO=NAO  LV=SIM  CHVAB=SIM  JUMPAB=NAO  RISCOACID=NAO  CONSDESLIG=SIM  AVARIANAREDE=SIM   TODAREDEINSP=SIM  FONTESUB=NAO]  PS=606539674,EMENDAR CONDUTOR(ES=1  [PS=606539674,5-CABO  AL NU 2/0 AWG  ]
493683;MANUTENCAO FAZER MALHA DO TR C3383 E POR UM POSTE PRA BT PROXIMO DO PADRAO DO CONSUMIDOR, TR FOI REALOCADO POR FALTA DE ACESSO NECESSARIO MATERIAL PRA MALHA E PRA BAIXA TENSAO, TBM PRECISA DE RSI25ML 100MTR, POSTE E MATERIAL SI3, BOM ACESSO PRA CAMINHAO CONSUMIDOR A 4 DIAS DESLIGADO (SERVICO DE EMERGENCIA)
493687;CHAVE TRIP 11120 ESTA ABERTA NO PS 1116798234 DEFEITO EETA NO PS 783785048 AO PS 783785050 CABO 3X2.25 ESTA ROMPIDO COM VAO APROX DE 500 METROS NESCESSARIO FAZER EMENDA 3X2.25,
493690;DERIVACAO DA CF 8628820279 COM CABOS BAIXO NA TRAVESSIA DE ESTRADA APROXIMADAMENTE 5 METROS DE ALTURA, OUTRA SITUACAO UM PS ANTES DA CHAVE 20729 O PS 950627585 PREFEITURA TIRO A TERRA EM VOLTA DA POSTE TA BEM PENDIDO PRO LADO RISCO DE QUEDA. [PS=950627588 V4X4=NAO  CESTO=NAO  LV=NAO  CHVAB=NAO  JUMPAB=NAO  RISCOACID=SIM  CONSDESLIG=NAO  AVARIANAREDE=NAO   TODAREDEINSP=SIM  FONTESUB=SIM]  PS=950627588,RETENSIONAR CONDUTOR=2 PS=950627588,PODAR ARVORE=0 PS=950627588,TRANSFORMADO QUEIMADO=0 PS=950627588,APRUMAR POSTE=1  
493695;NDS PARA FAZER EMENDA DE CONDUTOR ENTRE OS PS 560859709 AO PS 560859640 BOM ACESSO TERA QUE FAZER PODAS
493696;FAZER EMENDA DE CONDUTOR E FAZER ROCADA ENTRADA PELA LAVOURA JUNPER ABERTO NO PS 774959106 TRAZER CABO,  [PS=794856458 V4X4=SIM  CESTO=NAO  LV=NAO  CHVAB=NAO  JUMPAB=SIM  RISCOACID=NAO  CONSDESLIG=SIM  AVARIANAREDE=SIM   TODAREDEINSP=SIM  FONTESUB=NAO]  PS=794856458,EMENDAR CONDUTOR(ES=1  [PS=794856458,15-CABO  AL NU CAA  4 AWG - COM ALMA  ]
493699;FAVOR GERAR NDS PARA TROCA DO TR S2584 ESTA COM UMA DAS FASES EM CURTO, NECESSARIO UM TR DE 45KVA DA 34,5KV LOCAL DE BOM ACESSO A CAMINHAO E COM DISTANCIA DE SEGURANCA.TR FICOU ABERTO.,  [PS=771989019 V4X4=NAO  CESTO=SIM  LV=NAO  CHVAB=SIM  JUMPAB=NAO  RISCOACID=SIM  CONSDESLIG=SIM  AVARIANAREDE=SIM   TODAREDEINSP=SIM  FONTESUB=NAO]  PS=771989019,TRANSFORMADO QUEIMADO=1  [PS=771989019,1-TRANSF. TRIF. 33   KV     45KVA  ]
493702;FAVOR GERAR NDS PARA FAZER SUBSTITUICAO DO PS 615681433 LOCAL DE FACIL ACESSO PARA CAMINHAO PS PODE SER PROGRAMADO DESLIGAMENTO PARA SUBSTITUIR O MSM,  [PS=615681433 V4X4=NAO  CESTO=NAO  LV=NAO  CHVAB=NAO  JUMPAB=NAO  RISCOACID=NAO  CONSDESLIG=NAO  AVARIANAREDE=NAO   TODAREDEINSP=SIM  FONTESUB=NAO]  PS=615681433,POSTE AVARIADO/ABALROADO (SUBSTITUIR=1  [PS=615681433,1-POSTE DUPLO T B/300/12,0M  ]
493704;GERADO NDS PARA FAZER IMENDA DE CABO 3 2.25 DE AT ROMPIDO NO PS 782147469 ATE O PS 782337551 O MESMO COM APROXIMADO 268 METROS DE VAO ACESSO RUIM CHAVE 10666 FICOU ABERTA PARA IZOLAR O DEFEITO, UNICO ACESSO ATE O CABO TEM QUE IR PELO TR 38855,  [PS=782147469 V4X4=SIM  CESTO=NAO  LV=NAO  CHVAB=SIM  JUMPAB=NAO  RISCOACID=NAO  CONSDESLIG=SIM  AVARIANAREDE=SIM   TODAREDEINSP=SIM  FONTESUB=NAO]  PS=782147469,EMENDAR CONDUTOR(ES=1  [PS=782147469,40-CABO  ACO 3.2.25 - 4,87 MM 3 FIOS  ]
493711;REDE COMM CABO ROPIDO,  [PS=771191621 V4X4=SIM  CESTO=NAO  LV=NAO  CHVAB=NAO  JUMPAB=SIM  RISCOACID=NAO  CONSDESLIG=SIM  AVARIANAREDE=SIM   TODAREDEINSP=SIM  FONTESUB=NAO]  PS=771191621,CORTAR ARVORE COM MOTOSSERRA=01 PS=771191621,APRUMAR POSTE=01 PS=771191621,EMENDAR CONDUTOR(ES=01 PS=771191621,POSTE AVARIADO/ABALROADO (SUBSTITUIR=02  [PS=771191621,1-CABO  ACO 3.2.25 - 4,87 MM 3 FIOS  PS=771191621,2-POSTE DUPLO T D/150/10.5 M  PS=771191621,2-CRUZETA POSTE CONCRETO L=2000MM  PS=771191621,4-ISOL PILAR PORCELANA 15 KV  ]
493712;NDS PARA EMENDA DE CONDUTOR 3.09 500 METROS DE VAO DERIVACAO ABERTA CHAVE 83240 10851 FICARA FECHADA ESQUENTANDO TRAFO B9891 GLV NO PS 774960287 FICOU ABERTO DIFICIL ACESSO EM MEIO ROCA DE EUCALIPTO NECESSARIO FAZER DE DIA E ROCADA PRA FACILITAR TENSIONAMENTO,  [PS=774960287 V4X4=NAO  CESTO=NAO  LV=NAO  CHVAB=NAO  JUMPAB=SIM  RISCOACID=NAO  CONSDESLIG=SIM  AVARIANAREDE=SIM   TODAREDEINSP=SIM  FONTESUB=NAO]  PS=774960287,EMENDAR CONDUTOR(ES=1  [PS=774960287,1-FIO ACO ZINCADO 3.09 MM  ]
493713;FAVOR GERAR NDS PARA EMENDAR CABOS DO PS 94638301 ATE O PS 943638307 PUDER AGILIZA NO MAXIMO POIS TEM BASTANTE CONSUMIDORES COM AVIARIO DESLIGADOS DES DE SABADO TRAZER 5MT DE CABO DE ALUMINIO 35MM ISOLADO (SERVICO DE EMERGENCIA)
493714;***NDS COMPLEMENTAR A NDS 492995***NDS PARA EMEMDA DE CABO 3X2,25 NO PS 626960474 AO 774030816 E FICOU ABERTO UM JAMP NO PS 626960468 E FAZER ROSADA E PODAS DE ARVORES LUGAR DE DEFICIL ACESSO E REFAZER O JUMP
493715;EMENDAR CABO 3.09 TRASER UMA CHAVE UM PARARAIO E OS JAMPER CHAVE ALTA FICOU FECHADO JAMPER DO LADO DO TR 83240B1403  ESTA ABERTO.,  [PS=785228129 V4X4=NAO  CESTO=NAO  LV=NAO  CHVAB=NAO  JUMPAB=SIM  RISCOACID=NAO  CONSDESLIG=SIM  AVARIANAREDE=NAO   TODAREDEINSP=SIM  FONTESUB=NAO]  PS=785228129,EMENDAR CONDUTOR(ES=1  
493716;REFERENTE A NOC0091FAVOR GERAR NDS PRA CABO ROMPIDO ENTRE O PS 771191584 AO PS771191622 TROCAR POSTE NO PS 7711911621 E 771191622 E TAMBEM CRUZETAS E ISOLADORES DA 13,8  ACESSO LAVOURA  E TRES VAO LONGOS OBS AMULETA O PS DO TR DO CLI SE POSSIVEL CABECA TRINCADA JUMPER ABERTO NA DERIVACAO PS 771191584 OBS CHAVE 18085 FECHADA
493718;EMENDAR CONDUTOR BT,FAZER ROCADA E PODAR ALGUMAS ARVORES NO TR 83240F0802 TRAVESSIA DE SANGA E BASTANTE MATO LOCAL DE DIFICIL ACESSO PODE SER FEITO DE DIA POR EQUIPES DA AGENCIA TRAZER 20 METROS DE CABO 4CAA TR F0802 FICOU FECHADO ABERTO JUMPER UC 83834907 FICOU SEM ENERGIA E UC 8572380 FICOU COM ENERGIA,  [PS=951210569 V4X4=SIM  CESTO=NAO  LV=NAO  CHVAB=SIM  JUMPAB=NAO  RISCOACID=NAO  CONSDESLIG=SIM  AVARIANAREDE=SIM   TODAREDEINSP=SIM  FONTESUB=NAO]  PS=951210569,EMENDAR CONDUTOR(ES=2 PS=951210569,FAZER ROCADA=90 PS=951210569,PODAR ARVORE=10  [PS=951210569,20-CABO  AL NU CAA  4 AWG - COM ALMA  ]
493719;GERADO NDS PARA EMENDA DE CABO NO LOCAL TA PEGANDO FOGO NO MATO FOI LIGADO PARA OS BOMBEIROS A CHAVE 8177606258 FICOU ABERTA NO LOCAL,  [PS=939077796 V4X4=SIM  CESTO=NAO  LV=NAO  CHVAB=SIM  JUMPAB=NAO  RISCOACID=SIM  CONSDESLIG=SIM  AVARIANAREDE=SIM   TODAREDEINSP=NAO  FONTESUB=NAO]  PS=939077796,EMENDAR CONDUTOR(ES=3  
493721;FAVOR GERAR NDS PARA SUBSTITUICAO DE TRANSFORMADOR DE 112,5 KVA  TRIFASICO DA 34,5KV, FEITO TESTE E O MESMO ESTOUROU A TAMPA SUPERIOR, FEITO O DESLIGAMENTO DO MESMO E CLI POSSUI GRANJA E BOMBA DE AGUA PEDIU URGENCIA POIS ESTA MAIS DE 2 DIAS SEM LUZ, POSSUI GD NO LOCAL. FACIL ACESSO.,  [PS=620852672 V4X4=SIM  CESTO=NAO  LV=NAO  CHVAB=SIM  JUMPAB=NAO  RISCOACID=SIM  CONSDESLIG=SIM  AVARIANAREDE=SIM   TODAREDEINSP=SIM  FONTESUB=NAO]  PS=620852672,TRANSFORMADOR AVARIADO=1  [PS=620852672,1-TRANSF TRIF 33 KV 112,5 KVA  ]
493725;GERADO NDS PARA MANUTENCAO EMENDAR CONDUTOR DE MT LOCAL DE DIFICIL ACESSO, NECESSARIO SE POSSIVEL MANDAR MAIS QUE UMA EQUIPE POS TEM UMA SANGA ENTRE MEIO O VAO QUE ARREBENTOU, OS POSTES TANTO DE UM LADO QUANTO DO OUTRO SAO POSTES DE MADEIRA, FOI ABERTO UM JUMPER NO PS 627256378 FICANDO SOMENTE 3 TR SEM ENERGIA, LOCAL DE DIFICIL ACESSO,  [PS=627256859 V4X4=SIM  CESTO=NAO  LV=NAO  CHVAB=NAO  JUMPAB=SIM  RISCOACID=NAO  CONSDESLIG=SIM  AVARIANAREDE=SIM   TODAREDEINSP=NAO  FONTESUB=NAO]  PS=627256859,EMENDAR CONDUTOR(ES=1  [PS=627256859,2-CABO  AL NU CAA  4 AWG - COM ALMA  ]
493727;GERAR NDS PRA MAN VIM APLUMAR POSTE DA CHAVE 8918001023 Q ESTA BEM PENSO  CD DIA MAIS CEDENDO,  [PS=615045003 V4X4=NAO  CESTO=NAO  LV=NAO  CHVAB=NAO  JUMPAB=NAO  RISCOACID=NAO  CONSDESLIG=NAO  AVARIANAREDE=SIM   TODAREDEINSP=SIM  FONTESUB=SIM]  PS=615045003,PODAR ARVORE=0 PS=615045003,APRUMAR POSTE=1 PS=615045003,RETENSIONAR CONDUTOR=3 PS=615045003,TRANSFORMADOR AVARIADO=0  
493728;GERADO NDS PARA A MANUTENCAO OU EQUIPE DA AGENCIA MAS COM 2 EQUIPE E VAI 4 OU 5 HORAS TEM UNS 200 METRO DE ROSADA DE MOTOSERRA E RETIRAR ARVORE DE CIMA DOS CABOS ROMPIDO FAZER DE DIA SEM ACESO A NOITE,  [PS=943535491 V4X4=SIM  CESTO=NAO  LV=NAO  CHVAB=SIM  JUMPAB=NAO  RISCOACID=NAO  CONSDESLIG=SIM  AVARIANAREDE=NAO   TODAREDEINSP=SIM  FONTESUB=NAO]  PS=943535491,EMENDAR CONDUTOR(ES=2  [PS=943535491,10-CABO AL NU 4 CA AWG - SEM ALMA  ]
493729;SUBSTITUIR TR L5717 COM BORNE QUEBRADOARVORE CAIU SOBRE O RAMAL E DANIFICOU BORNE DE BTTR ABERTOTEM GLVLIVRE ACESSOCLI PEDE PRIORIDADE TEM ESTUFA E TANQUE DE PEIXE,  [PS=581553712 V4X4=SIM  CESTO=NAO  LV=NAO  CHVAB=SIM  JUMPAB=NAO  RISCOACID=NAO  CONSDESLIG=SIM  AVARIANAREDE=SIM   TODAREDEINSP=SIM  FONTESUB=NAO]  PS=581553712,TRANSFORMADOR AVARIADO=1  [PS=581553712,1-TRANSF. MONO. 33 KV     15 KVA  ]
493730;FAVOR GESAR NDS PARA TROCA DO TR D5727 TRASER 2 CHAVE 3 PARARAIO E JAMPER PARA A ESTRUTURA TR DESTRUIDO PELO VENDAVAL, E APRUMAR POSTE,  [PS=775119348  V4X4=NAO  CESTO=NAO  CHVAB=SIM  JUMPAB=NAO  LV=NAO  CONSDESLIG=SIM  RISCOACID=NAO  AVARIANAREDE=SIM  TODAREDEINSP=SIM  FONTESUB=NAO]  PS=775119348,TRANSFORMADO QUEIMADO=1  [PS=775119348,1-TRANSF. TRIF. 33   KV     45KVA  ]
493731;FAVOR GERAR NDS PARA TROCAR TR 49243 FEITO TESTE A VAZIO E TRANSFORMADOR ESTA QUEIMADO LOCAL DE BOM ACESSO TRAZER TR DE 10 KVA,  [PS=774027878 V4X4=SIM  CESTO=NAO  LV=NAO  CHVAB=NAO  JUMPAB=NAO  RISCOACID=NAO  CONSDESLIG=SIM  AVARIANAREDE=SIM   TODAREDEINSP=SIM  FONTESUB=NAO]  PS=774027878,TRANSFORMADO QUEIMADO=1  [PS=774027878,1-TRANSF. MONO. 33 KV     10 KVA  ]
493732;FAVOR GERAR NDS PARA A MANUTENCAO TROCAR TR L6604 ESTA QUEIMADO AS BUCHAS DE SAIDA APRESENTANDO VAZAMENTOS BOM ACESSO OBS TROCAR OS PARARAIOS PERIMETRO URBANO TR DA 13.8 DE 75 VKA,  [PS=935061454 V4X4=SIM  CESTO=NAO  LV=NAO  CHVAB=NAO  JUMPAB=NAO  RISCOACID=NAO  CONSDESLIG=SIM  AVARIANAREDE=SIM   TODAREDEINSP=SIM  FONTESUB=NAO]  PS=935061454,TRANSFORMADO QUEIMADO=1  [PS=935061454,1-TRANF. TRIF. 13.2 KV    75 KVA  ]
493733;TROCAR TR 42724 O MESMO ESTA QUEIMADO FOI FEITO EMENDA DE BT NA HORA DE FAZER O FEICHAMENO DA CHAVE ELE NAO ACEITOU FEITO TETSTE A VAZIU CONSTATADO DEFEITO ACESSO NELE SO PELO MEIO DA LAVOURA CO SUMIDORES SE ENERGIA NO LOCAL DES DE SABADO A NOITE  DEPOIS DO TENPORAL TR DE 15KVA DA REDE 13.8,  [PS=779221467 V4X4=SIM  CESTO=NAO  LV=NAO  CHVAB=SIM  JUMPAB=SIM  RISCOACID=SIM  CONSDESLIG=SIM  AVARIANAREDE=SIM   TODAREDEINSP=SIM  FONTESUB=SIM]  PS=779221467,TRANSFORMADO QUEIMADO=1  [PS=779221467,1-TRANSF. MONO. 13.2KV-254V 15 KVA  ]
493734;GERAR NDS PARA EME DA DE CABO 3.09 DO PS550588820 AO PS 771516923  NECESSARIO FAZER DERRUBADA DE ARVORE QUE ESTAO PROXIMOS AO CONDUTOR,  [PS=550588820 V4X4=SIM  CESTO=NAO  LV=NAO  CHVAB=SIM  JUMPAB=NAO  RISCOACID=NAO  CONSDESLIG=SIM  AVARIANAREDE=SIM   TODAREDEINSP=NAO  FONTESUB=NAO]  PS=550588820,EMENDAR CONDUTOR(ES=1  
493735;GERAR NDS PARA TROCA DO TT B0286 O MESMO ESTA QUEIMADO FEITO TEXTE A VASIO   TT 30KV    ASSESO BOM URBANA,  [PS=787189516 V4X4=SIM  CESTO=NAO  LV=NAO  CHVAB=NAO  JUMPAB=NAO  RISCOACID=NAO  CONSDESLIG=SIM  AVARIANAREDE=SIM   TODAREDEINSP=NAO  FONTESUB=NAO]  PS=787189516,PODAR ARVORE=1  [PS=787189516,1-TRANSF. TRIF. 33   KV     30KVA  ]
493737;TROCAR POSTE NO PS 898916446, TRAZER POSTE B600 12, 2 CRUZETAS, 3 PARA RAIO E 3 CHAVES DA 34,5, 1 TR TRIFASICO DE 45KVA., NO LOCAL ESTA 2 TR MONO DE 25KVA QUE PODE SER SUBST POR TRIFASICO.TRAZER 2 ESTRIBO,FACIL ACESSO,ABRIR A SU 75723 PARA SUBSTITUIR.SOMENTE 1 CLIENTE DESLIGAD [PS=898916446 V4X4=SIM  CESTO=SIM  LV=NAO  CHVAB=NAO  JUMPAB=NAO  RISCOACID=NAO  CONSDESLIG=SIM  AVARIANAREDE=SIM   TODAREDEINSP=SIM  FONTESUB=NAO]  PS=898916446,POSTE AVARIADO/ABALROADO (SUBSTITUIR=1  [PS=898916446,3-CHAVE FUSIVEL C -  POLIMERICA 27KV 300A  PS=898916446,3-PARA-RAIOS 27KV10KA  PS=898916446,2-CRUZETA  POLIMERICA  PS=898916446,1-POSTE DUPLO T B/600/12.0 M  PS=898916446,2-TRANSF. TRIF. 33   KV     45KVA  ]
493739;FAVOR GERAR NDS PRA EMENDA DE CONDUTORES NO PS 951528070 NO PS 951528079 SUBSTITUIR O MESMO TRAZER POSTE DE FIBRA E FERRGENS PRA BITOLA DO POSTE, N1 COM N3, NO PS 951528082 SUBSTITUIR POSTE, TRAZER POSTE DE FIBRA E FERRAGENS PRA BITOLA DO POSTE, N1, NO PS 951528085 REFAZER AMARACAO DE CONDUTOR FORA DO ISOLADOR, LOCAL DE DIFICIL ACESSO EM MEIO A LAVOURA ABERTO JUMPER NO PS 951528040, TS 17943 FECHADA,
493740;TROCAR PS QUEBRADO E FEZER A AMARRACAO DE CONDUTOR NO ISOLADOR OU ENGESSAR O PS, PS DO DEFEITO 570710258, O MESMO ESTA COM O CABO DA FASE B SOUTO EN CIMA DO ISOLADOR, NAO FOI POSSIVEL FAZER A AMARRACAO, POIS O MESMO ESTA ABARROADO, QUEBRADO O TOPO, FICOU ABERTO A CHAVE 8918001312, SERVICO PARA CESTO AEREO. CONSUMIDORES DESLIGADOS.,  [PS=570710258 V4X4=NAO  CESTO=SIM  LV=NAO  CHVAB=SIM  JUMPAB=NAO  RISCOACID=NAO  CONSDESLIG=SIM  AVARIANAREDE=SIM   TODAREDEINSP=SIM  FONTESUB=NAO]  PS=570710258,POSTE AVARIADO/ABALROADO (SUBSTITUIR=1  [PS=570710258,1-POSTE DUPLO T D/150/10.5 M  ]
493741;FAZER EMENDA DE CONDUTOR CABO 4 AWG BOM ACESSO,  [PS=592995896 V4X4=SIM  CESTO=NAO  LV=NAO  CHVAB=SIM  JUMPAB=NAO  RISCOACID=NAO  CONSDESLIG=SIM  AVARIANAREDE=SIM   TODAREDEINSP=SIM  FONTESUB=NAO]  PS=592995896,EMENDAR CONDUTOR(ES=2  [PS=592995896,20-CABO  AL NU CAA  4 AWG - COM ALMA  ]
493745;GERA NDS PRA MAN VIM FASER ROCADA NO PS 615054088 E EMENDAR CABO E ENGESAR MSM Q ESTA DEGOLADO ACESSO SO MEIO DA LAVOURA FOI ABERTO JAMPER NO PS 615054083 QUANDO FOR EXECUTAR AS ATIVIDADES TEM Q ABRIR CHAVE 02585 MOTIVO DE SEGURANCA  TRASER CABO 4 COM ALMA E 1 CRUZETA   CHAVE FICOU FECHADO ATE JAMPER ABERTO,  [PS=615054088 V4X4=SIM  CESTO=NAO  LV=NAO  CHVAB=NAO  JUMPAB=SIM  RISCOACID=NAO  CONSDESLIG=SIM  AVARIANAREDE=SIM   TODAREDEINSP=SIM  FONTESUB=SIM]  PS=615054088,FAZER ROCADA=35 PS=615054088,APRUMAR POSTE=0 PS=615054088,EMENDAR CONDUTOR(ES=1 PS=615054088,TRANSFORMADOR AVARIADO=0  [PS=615054088,6-CABO  AL NU CAA  4 AWG - COM ALMA  PS=615054088,1-CRUZETA  POLIMERICA  ]
493746;URGENTE TR 89180L9095 QUEIMADO ATENDE 2 AVIARIOS COM 40000 FRANGOS PARA ENTREGAR EM 2 DIAS. PEDE URGENCIA COM RISCO DE MORRER - SEM LUZ DESDE DOMINGO
493747;EMENDAR CABO ROMPIDO PARANA TRIFASICO NO PS 605602207 ATE NO PS 605602318 E CORTAR VARIAS ARVORES RETIRAR ARVORE DE GRANDE PORTE QUE CAIU EM CIMA DA RD NO PS 612662561 NECESARIO CESTO AERIO PRA RETIRADA DA ARVORE CHAVE 81342 FICOU ABERTO PRA ISOLAR O DEFEITO,  [PS=605602207 V4X4=NAO  CESTO=SIM  LV=NAO  CHVAB=SIM  JUMPAB=NAO  RISCOACID=NAO  CONSDESLIG=SIM  AVARIANAREDE=SIM   TODAREDEINSP=SIM  FONTESUB=NAO]  PS=605602207,EMENDAR CONDUTOR(ES=1  [PS=605602207,1-CABO,ELET COBERTOCU1X 35 MM  ]
493748;GERAR NDS PARA TROCA DO PS775348216   MESMO ESTA QUEBRADO CAMINHAO EM ROSCOU   E SE INVADIU DO LOCAL   CABOS DE BT TODOS ROMPIDO   IZOLADO NO PS 775347956  FEXADO TR   FOTOS GRPO NDS,  [PS=775347956 V4X4=SIM  CESTO=NAO  LV=NAO  CHVAB=NAO  JUMPAB=SIM  RISCOACID=NAO  CONSDESLIG=SIM  AVARIANAREDE=SIM   TODAREDEINSP=NAO  FONTESUB=NAO]  PS=775347956,POSTE AVARIADO/ABALROADO (SUBSTITUIR=1  [PS=775347956,1-POSTE DUPLO T B/300/12,0M  ]
493749;COMPLEMENTAR NDS 493582TROCAR POSTE E EMENDAR CONDUTOR DE AT NO PS 784617221 ATE O PS 784617213, POSTE SER TROCADO NO PS  784617221 CHAVE TRIPER8321612216 ABERTA,
493750;EMENDA DE CABO NO PS 627241979 E CORTE DE ARVORE NO PS 627241958
493751;GERAR NDS PARA EMENDA DE CONDUTOR 3X2.25 NO PS 808509828  NECESSARIO REALIZAR PODAS E ROCADA JUMPER ABERTO NO PS 771996828  CHAVE 91737 FECHADA AS 2104 SOMENTE TR 33774 FICOU DESLIGADO,  [PS=808509828 V4X4=NAO  CESTO=NAO  LV=NAO  CHVAB=NAO  JUMPAB=SIM  RISCOACID=NAO  CONSDESLIG=SIM  AVARIANAREDE=SIM   TODAREDEINSP=SIM  FONTESUB=NAO]  PS=808509828,PODAR ARVORE=1 PS=808509828,FAZER ROCADA=1 PS=808509828,EMENDAR CONDUTOR(ES=1  
493752;, PS=622029411,TRANSFORMADO QUEIMADO=1  [PS=622029411 V4X4=SIM  CESTO=NAO  LV=NAO  CHVAB=SIM  JUMPAB=NAO  RISCOACID=NAO  CONSDESLIG=SIM  AVARIANAREDE=SIM   TODAREDEINSP=SIM  FONTESUB=NAO]  PS=622029411,TRANSFORMADO QUEIMADO=1  [PS=622029411,1-TRANSF. MONO  10KVA OVI  ]
493753;EMENDAR CONDUTOR VAO LONGO ACESSO LIVRE CAIU UM PINOS E ARRENTOU O CABO,  [PS=627241980 V4X4=NAO  CESTO=NAO  LV=NAO  CHVAB=SIM  JUMPAB=NAO  RISCOACID=NAO  CONSDESLIG=SIM  AVARIANAREDE=SIM   TODAREDEINSP=SIM  FONTESUB=NAO]  PS=627241979,EMENDAR CONDUTOR(ES=1  [PS=627241979,5-CABO  AL NU CAA  4 AWG - COM ALMA  ]
493756;GERAR NDS PRA MAN VIM TROCAR TR QUEIMADO H0314 TEM Q ABRIR  A DERIVACAO DELE Q N POSUI CHAVE DE PLOTECAO TR MONO DA 34 DE 10KVA SE FOR POSIVEL INSTALAR GLV NA CHAVE DESSE TR  ACESSO SO PELO PASTO MAS VEICULO CHEGA TRANQUILO NO PE DO PS,  [PS=621533577 V4X4=SIM  CESTO=NAO  LV=NAO  CHVAB=NAO  JUMPAB=NAO  RISCOACID=NAO  CONSDESLIG=SIM  AVARIANAREDE=SIM   TODAREDEINSP=SIM  FONTESUB=SIM]  PS=621533577,PODAR ARVORE=0 PS=621533577,APRUMAR POSTE=0 PS=621533577,RETENSIONAR CONDUTOR=3 PS=621533577,TRANSFORMADO QUEIMADO=1  [PS=621533577,1-TRANSF. MONO. 33 KV     10 KVA  ]
493757;FAVOR GERAR UM SERVICO PARA TROCAR CHAVE FUSIVEL COM DEFEITO NA CHAVE 8918007502 POIS CLIENTE COM AVIARIOS NO LOCAL CLIENTE COM TENSAO BAIXA POSSIVEL POR CAUSA DESSA CHAVE CHAVE 34,5 KV
493758;GERADO NDS PARA EMENDA DE CONDUTORES DE BT DURANTE O DIA, EQUIPE EXAUSTA, SE POSSIVEL ENVIAR CESTO AEREO, PS MUITO POLUIDO PARA SUBIR, PS FICA EM INVASAO LOCAL COMPLICADO A NOITE. PODE SER FEITO DE DIA PELO CESTO AEREO 1,  [PS=772081853 V4X4=SIM  CESTO=SIM  LV=NAO  CHVAB=SIM  JUMPAB=NAO  RISCOACID=NAO  CONSDESLIG=SIM  AVARIANAREDE=SIM   TODAREDEINSP=NAO  FONTESUB=NAO]  PS=772081853,EMENDAR CONDUTOR(ES=2  [PS=772081853,2-CABO  AL NU CAA  4 AWG - COM ALMA  ]
493759;FAVOR GERAR SERVICO PARA TROCA DA CRUZETA E ISOLADORES NO PS 615061703 , E NO PS 615061704 APRUMAR O POSTE QUE ESTA EM DEGRINE  LOCAL DE FACIL ACESSO , A CHAVE 4056 PERMANESE COM ACHAVE ABERTO  NO LOCAL,  [PS=615061607 V4X4=SIM  CESTO=NAO  LV=NAO  CHVAB=SIM  JUMPAB=NAO  RISCOACID=SIM  CONSDESLIG=SIM  AVARIANAREDE=SIM   TODAREDEINSP=SIM  FONTESUB=NAO]  PS=615061607,APRUMAR POSTE=1 PS=615061607,SUBSTITUIR CRUZETA(S=1 PS=615061607,SUBSTITUIR ISOLADORES=2  [PS=615061607,1-CRUZETA POSTE CONCRETO L=2000MM  PS=615061607,1-ISOL PILAR PORCELANA 15 KV  ]
493761;ABERTO TR M0843 PS 612830647¦  CABO BT ROMPIDO. GERAR NDS - CA697
493762;POSTE CAIDO PERTO DA CHAVE 8918002558 RELATAM CLIENTES DO POSTO 89180B0028 - SEM MAIS INFORMACOES
493765;FAVOR GERAR NDS PARA EMENDA DE CONDUTOR TRAZER UNS 70 MTS DE CABO CAA 4AWG POSSIVELMENTE TRATOR ENROSCOU E ACABOU AREBENTANDO O MESMO EM VARIOS PEDACOS, REFAZER O JUMPER NO PE DA CHAVE  ACESSO BOM BEIRA DE RODOVIA ,VAO LONGO , ANALISAR SE FAZER COM MANUTENCAO OU LINHA VIVA DEVIDO A PROXIMIDADE COM OS CABOS DE MT, FAZER APR NO CRUZAMENTO LIGADO QUE CRUZA ESTE RAMAL [PS=111103171 V4X4=NAO  CESTO=NAO  LV=NAO  CHVAB=SIM  JUMPAB=NAO  RISCOACID=NAO  CONSDESLIG=SIM  AVARIANAREDE=SIM   TODAREDEINSP=SIM  FONTESUB=NAO]  PS=1111031719,EMENDAR CONDUTOR(ES=1 PS=1111031719,REFAZER JUMPER=1  [PS=1111031719,70-CABO  AL NU CAA  4 AWG - COM ALMA  ]
493771;OK CENTRAL GERAR UMA NDS PARA TROCA CRUZETA DA 34.5 E DOIS ISOLADOR  DA 34.5 E FAZER IMENDA DO CABO 4 AWG UMA EMENDA NO PS 615267164 FICOU DESLIGADO CHAVE REPITIDORA 8918005972  NESTA REDE SO DOIS CLIENTE MAS COM SILOS DE GRAUS OK,  [PS=615267164 V4X4=NAO  CESTO=NAO  LV=NAO  CHVAB=SIM  JUMPAB=NAO  RISCOACID=NAO  CONSDESLIG=SIM  AVARIANAREDE=SIM   TODAREDEINSP=SIM  FONTESUB=NAO]  PS=615267164,SUBSTITUIR CRUZETA(S=1 PS=615267164,SUBSTITUIR ISOLADORES=2 PS=615267164,EMENDAR CONDUTOR(ES=01  [PS=615267164,1-CRUZETA POSTE CONCRETO L=2000MM  PS=615267164,2-ISOL PILAR PORCELANA 35 KV  PS=615267164,1-CABO  AL NU CAA  4 AWG - COM ALMA  ]
493773;FAVOR GERAR SERVICO PARA MANUTENCAO REAPRUMAR POSTE NA REDE BT NO PS630147732 SE POSSIVEL O QUANTO ANTES  LIVRE ACESSO POSTE CEDEU DEVIDO AO VENTO ESTA PENDIDO PARA CASA DO CLI,  [PS=630147732 V4X4=NAO  CESTO=NAO  LV=NAO  CHVAB=NAO  JUMPAB=NAO  RISCOACID=NAO  CONSDESLIG=NAO  AVARIANAREDE=SIM   TODAREDEINSP=NAO  FONTESUB=NAO]  PS=630147732,APRUMAR POSTE=1  
493774;MANUTENCAO FAZER MALHA DO TR C3383 E POR UM POSTE PRA BT PROXIMO DO PADRAO DO CONSUMIDOR, TR FOI REALOCADO POR FALTA DE ACESSO NECESSARIO MATERIAL PRA MALHA E PRA BAIXA TENSAO, TBM PRECISA DE RSI25ML 100MTR, POSTE E MATERIAL SI3, BOM ACESSO PRA CAMINHAO CONSUMIDOR A 4 DIAS DESLIGADO
493779;SEM LUZ DES DE DOMINGO TRASER UM POSTE B300 CORTAR ALGUMAS ARVORES E EMEMDA DE CABO3.2.25 TRASER UM PEDACO DE CABO E EMENDA BOM ACESSO CAMINHAO PS QUEBRADO 612599290 JUMPER ABERTO NO PS 610726961,  [PS=612599290 V4X4=SIM  CESTO=NAO  LV=NAO  CHVAB=SIM  JUMPAB=SIM  RISCOACID=SIM  CONSDESLIG=SIM  AVARIANAREDE=SIM   TODAREDEINSP=NAO  FONTESUB=NAO]  PS=612599290,POSTE AVARIADO/ABALROADO (SUBSTITUIR=1  
493783;,  [PS=616097976 V4X4=NAO  CESTO=SIM  LV=SIM  CHVAB=NAO  JUMPAB=NAO  RISCOACID=NAO  CONSDESLIG=SIM  AVARIANAREDE=SIM   TODAREDEINSP=SIM  FONTESUB=NAO]  PS=616097976,PODAR ARVORE=99 PS=616097976,APRUMAR POSTE=99 PS=616097976,REFAZER JUMPER=1 PS=616097976,TRANSFORMADOR AVARIADO=99 PS=616097976,REFAZER CONEXAO NA REDE=1 PS=616097976,RETENSIONAR CONDUTOR=99  [PS=616097976,1-CABO DE ALUM. COBERTO 35KV 185MM  ]
493784;TROCAR POSTE 773642422 DE AGULO QUEBOU A CABECA DO POSTE E AREBENTOU ESTAI, LOCAL DE BOM ACESSO PARA CAMINHAO  PRIMEIRA ENTRADA AS DIREITA DEPOIS DA COMUNIDADE, DEVIDO A ARVORE QUE SAIU SOBRE A REDE, TROCAR POSTE E CORTAR ARVORE REFERENTE A NOC 50539354  NO PS 773642422 CHAVE 12632 ABERTA ESTA LIGADA ATE ELA. [PS=773642422 V4X4=NAO  CESTO=NAO  LV=NAO  CHVAB=SIM  JUMPAB=NAO  RISCOACID=NAO  CONSDESLIG=SIM  AVARIANAREDE=SIM   TODAREDEINSP=SIM  FONTESUB=NAO]  PS=773642422,POSTE AVARIADO/ABALROADO (SUBSTITUIR=01 PS=773642422,CORTAR ARVORE COM MOTOSSERRA=3 PS=773642422,RETENSIONAR CONDUTOR=03 PS=773642422,TRANSFORMADO QUEIMADO=01  [PS=773642422,1-POSTE DUPLO T B/300/10.5M  ]
493785;SUBSTIUIR TR 8324031578 QUEIMADO REQUISITADO TR DE 10KVA DA 34 LOCAL DE FACIL ACESSO BEIRA DE ESTRADA CLI COM PRODUCAO LEITEIRA FAVOR AGILIZAR,  [PS=111293504 V4X4=SIM  CESTO=NAO  LV=NAO  CHVAB=SIM  JUMPAB=NAO  RISCOACID=NAO  CONSDESLIG=SIM  AVARIANAREDE=SIM   TODAREDEINSP=SIM  FONTESUB=NAO]  PS=1112935042,TRANSFORMADO QUEIMADO=1  [PS=1112935042,1-TRANSF. MONO. 33 KV     10 KVA  ]
493787;FAVOR GERAR NDS PRA MANUTENCAO FAZER EMENDA DO CABO DE AT NO PS 789308940  ESTA TORTO TEM Q APLUMAR  CF 83216 01162 ESTA ABERTA NO LOCAL, FAVOR GERAR NDS PRA EMENDA CABO DE AT NO PS 789308940 ESTA ROMPIDA  TEM Q AVALIAR PS QUES ESTA TORTO   CHAVE FICOL ABERTA  CF 8321601162,  [PS=789308940 V4X4=SIM  CESTO=NAO  LV=NAO  CHVAB=SIM  JUMPAB=NAO  RISCOACID=NAO  CONSDESLIG=SIM  AVARIANAREDE=SIM   TODAREDEINSP=SIM  FONTESUB=SIM]  PS=789308940,EMENDAR CONDUTOR(ES=2  [PS=789308940,20-CABO AL NU 4 CA AWG - SEM ALMA  ]
493790;TR 83216R3767 COM VASAMENTO DE OLE MAS FICOU FECHADO,  [PS=924730246 V4X4=NAO  CESTO=NAO  LV=NAO  CHVAB=NAO  JUMPAB=NAO  RISCOACID=NAO  CONSDESLIG=NAO  AVARIANAREDE=SIM   TODAREDEINSP=SIM  FONTESUB=NAO]  PS=924730246,TRANSFORMADOR COM VAZAMENTO=1  [PS=924730246,1-TRANSF. TRIF. 33   KV     75KVA  ]
493791;JUMPER DE CF QUEBRADO NA CONEXAO A COMPRESSAO,  [PS=630027764 V4X4=NAO  CESTO=SIM  LV=SIM  CHVAB=NAO  JUMPAB=SIM  RISCOACID=SIM  CONSDESLIG=SIM  AVARIANAREDE=SIM   TODAREDEINSP=SIM  FONTESUB=NAO]  PS=630027764,SUBSTITUIR GLV (S=1 PS=630027764,PODAR ARVORE=0 PS=630027764,APRUMAR POSTE=0 PS=630027764,TRANSFORMADO QUEIMADO=0 PS=630027764,REFAZER JUMPER=1 PS=630027764,RETENSIONAR CONDUTOR=0  [PS=630027764,1-CHAVE FUSIVEL C - POLIMERICA 15KV 300A  ]
493794;PODAS EM TODO ALIMENTADOR - AVALIAR CONDICOES DOS CONDUTORES NO PS PS 620367120, DEVIDO A INCENDIO- DUVIDAS FALAR COM MICHEL - BSCFOZ
493795;MANUNTECAO DE LINHA VIVA TROCAR CHAVE LAMINA 9021 QUE ESTA QUEBRADA FAZE A.LOCAL DE FACIL ACESSO BEIRA DA ESTRADA TRAZER CHAVE DA 13 KVEQUIPE      : CA919VEIC. ALOC. : E3V35DATA        : 24/09/25 10:21 POR ADMSODREGIAO      : CZI03 - CHOPINZINHO/SLUTIPO        : MENSAGEM LIVRE
493797;TRAZER 3 POSTE DE 150 MTS 10,5TRAZER 800MTS CABO 32,25POSTE QUEBRADO ANTES DO TR 31638 TEM DOIS POSTE QUEBRADOE NO PS615156603 TBM ESTA QUEBRADO,  [PS=622592058 V4X4=NAO  CESTO=SIM  LV=NAO  CHVAB=SIM  JUMPAB=NAO  RISCOACID=NAO  CONSDESLIG=SIM  AVARIANAREDE=SIM   TODAREDEINSP=SIM  FONTESUB=NAO]  PS=622592058,POSTE AVARIADO/ABALROADO (SUBSTITUIR=3 PS=622592058,EMENDAR CONDUTOR(ES=99  [PS=622592058,99-CABO  ACO 3.2.25 - 4,87 MM 3 FIOS  PS=622592058,3-POSTE DUPLO T D/150/10.5 M  ]
493798;O TR  E0308 ESTA  QUEIMADO FOI MIDIDO NA BUCHA NAO ESTA  PASSANDO ENERGIA GERA NDS  PARA SUB8STITUIR   O TR E0308   A CF  07140  ESTA FECHADA CF DA ANTIGA TEM QUE TROCAR MAS ESTA COM LUZ NORMAL NA CF,  [PS=791209902 V4X4=NAO  CESTO=NAO  LV=NAO  CHVAB=SIM  JUMPAB=NAO  RISCOACID=NAO  CONSDESLIG=SIM  AVARIANAREDE=NAO   TODAREDEINSP=SIM  FONTESUB=NAO]  PS=791209902,TRANSFORMADO QUEIMADO=1 PS=791209902,PODAR ARVORE=1 PS=791209902,APRUMAR POSTE=01 PS=791209902,EMENDAR CONDUTOR(ES=1  
493799;OBS = GERADO MACRO PARA SUBSTITUIR CRUZEDA, PODAR ARVORE NO LOCAL EM CIMA DA REDE E IMENDAR CABOS, EUCALIPTOS SOBRE A REDE PROX DO TR C0826
493800;FAVOR GERAR NDS PARA TROCA DO TR 44595, MESMO NAO ESTA PASSANDO CORRENTE NA BUCHA DE BT FASE B, TESTADO BUCHAS, CABO DE ALTA, VERIFICADO CHAVES, DERIVACAO E ELOS FUSIVEL E VIZINHOS ESTAO COM LUZ, CLI PEDE URGENCIA, 4 DIAS SEM LUZ, BOM ACESSO AO LOCAL PELA LAVOURA. TRAZER UM TT 75KVA 13.8, ALIMENTADOR HONDURAS,  [PS=943639049 V4X4=SIM  CESTO=NAO  LV=NAO  CHVAB=NAO  JUMPAB=NAO  RISCOACID=NAO  CONSDESLIG=SIM  AVARIANAREDE=SIM   TODAREDEINSP=NAO  FONTESUB=NAO]  PS=943639049,TRANSFORMADO QUEIMADO=1  [PS=943639049,1-TRANF. TRIF. 13.2 KV    75 KVA  ]
493801;GERADO NDS PARA TCA DE PSRA RAIO E TRANSFORMADOR, GERADO NDS PARA TROCA DE TRANSFORMADOR E PARA-RAIO , BOM DE ACESSO, POREM UMA SUBIDA RUIM PARA CHEGAR DE CAMINHAO, BERA DA ESTRADA, CHAVE DA DERIVACAO FICOU ABERTA,  [PS=945482926 V4X4=SIM  CESTO=NAO  LV=NAO  CHVAB=SIM  JUMPAB=NAO  RISCOACID=NAO  CONSDESLIG=SIM  AVARIANAREDE=SIM   TODAREDEINSP=SIM  FONTESUB=NAO]  PS=945482926,TRANSFORMADOR COM VAZAMENTO=1  [PS=945482926,1-TRANSF. MONO. 33 KV     10 KVA  PS=945482926,1-DESCARREGADOR 15 KV  ]
493804;GERAR NDS EMENDAR CONDUTOR ENTRE PS 951066083 E POSTE 572398161 285834, 7139124 VAO LONGO E EUCALIPTO PRA CORTAR E NO PS 951066086 POSTE DE FIBRA TRAZER MATERIAL PRA FAZER ESTAI NO MESMO, ESTA PENDIDO NO LOCAL,  [PS=951066083 V4X4=SIM  CESTO=NAO  LV=NAO  CHVAB=NAO  JUMPAB=SIM  RISCOACID=NAO  CONSDESLIG=SIM  AVARIANAREDE=SIM   TODAREDEINSP=SIM  FONTESUB=NAO]  PS=951066086,REFAZER ESTAI=1 PS=951066083,EMENDAR CONDUTOR(ES=1  [PS=951066083,1-CABO  AL NU CAA  4 AWG - COM ALMA  ]
493806;FAVOR GERAR NDS PARA MANUTENCAO TROCAR POSTE DO PS 772081853 QUE ESTA TORTO E TRINCADO ACESSO BOM ATE O LOCAL SOMENTE BT NO LOCAL  TRAZER 1 POSTE B-300 10,5  PODE SER PROGRAMADO,  [PS=772081853 V4X4=NAO  CESTO=NAO  LV=NAO  CHVAB=NAO  JUMPAB=NAO  RISCOACID=SIM  CONSDESLIG=NAO  AVARIANAREDE=SIM   TODAREDEINSP=NAO  FONTESUB=NAO]  PS=772081853,POSTE IRREGULAR (SUBSTITUIR/REALOCAR=1  [PS=772081853,1-POSTE DUPLO T D/150/9.0 M  ]
493808;FAVOR GERAR NDS PRA LINHA VIVA  FAZER REPARO NO PS 596220045 CONECTOR DERETIDO COM RISCO DE ROMPER E VIM A BATER NO MENSAGEIRRO SEM PONTO DE ATERRAMENTO REDE COMPACTA DA PRA PROGRAMAR NINGUEM DESLIGADO,  [PS=596220045 V4X4=NAO  CESTO=SIM  LV=SIM  CHVAB=NAO  JUMPAB=NAO  RISCOACID=NAO  CONSDESLIG=NAO  AVARIANAREDE=NAO   TODAREDEINSP=SIM  FONTESUB=NAO]  PS=596220045,REFAZER JUMPER=1  [PS=596220045,1-CABO,ELET COBE AL 1X70MM2 35KV NTC810640  ]
493809;FAVOR GERAR NDS PRA LINHA VIVA  FAZER REPARO NO PS 596220045 CONECTOR DERETIDO COM RISCO DE ROMPER E VIM A BATER NO MENSAGEIRRO SEM PONTO DE ATERRAMENTO REDE COMPACTA DA PRA PROGRAMAR NINGUEM DESLIGADO, [PS=596220045 V4X4=NAO  CESTO=SIM  LV=SIM  CHVAB=NAO  JUMPAB=NAO  RISCOACID=SIM  CONSDESLIG=NAO  AVARIANAREDE=SIM   TODAREDEINSP=SIM  FONTESUB=NAO]  PS=596220045,REFAZER JUMPER=1  [PS=596220045,1-CABO,ELET COBE AL 1X70MM2 35KV NTC810640  ]
493810;FAVOR GERAR NDS PARA EMENDAR CONDUTOR AT 4 AWG ROMPIDO NO PS 1116088099 PS 1116088077 ROMPEU EM 2 PONTO TRAZER 20 METRO DE CABO 4 LOCAL DE BOM ACESSO CHAVE 86768 FICOU ABERTA CLIENTE 4 DIAS CEM LUZ,  [PS=111608809 V4X4=SIM  CESTO=NAO  LV=NAO  CHVAB=SIM  JUMPAB=NAO  RISCOACID=NAO  CONSDESLIG=SIM  AVARIANAREDE=NAO   TODAREDEINSP=SIM  FONTESUB=NAO]  PS=1116088099,EMENDAR CONDUTOR(ES=2  [PS=1116088099,2-CABO  AL NU CAA  4 AWG - COM ALMA  ]
493811;FAVOR GERAR NDS PARA MANUTENCAO FAZER EMENDA DE CONTUDOR DE AT ENTRE O OS 945694405 E PS 945694408 200 MTRS DE VAO NECESSARIO 100 MTRS DE ROCADA LOCAL DE DIFICIL ACESSO CHAVE 09698 FICOU ABERTA,  [PS=945694405 V4X4=SIM  CESTO=NAO  LV=NAO  CHVAB=SIM  JUMPAB=NAO  RISCOACID=NAO  CONSDESLIG=SIM  AVARIANAREDE=SIM   TODAREDEINSP=NAO  FONTESUB=NAO]  PS=945694405,EMENDAR CONDUTOR(ES=1  
493813;CRUZAMENTO ENTRE OS CONDUTORES DA CHAVE 12905 E O TRONCO DO ALIMENTADOR NOVO SARANDI ESTA BATENDO, OCASIONANDO A ABERTURA DO ALIMENTADOR E DA TS,  RETENCIONAR, IMPLANTAR ESPACADOR OU TRIANGULAR [PS=621511284 V4X4=NAO  CESTO=SIM  LV=SIM  CHVAB=NAO  JUMPAB=NAO  RISCOACID=SIM  CONSDESLIG=NAO  AVARIANAREDE=SIM   TODAREDEINSP=SIM  FONTESUB=NAO]  PS=621511284,REPARAR CONDUTOR (TENTOS ROMPENDO=1  
493815;GERAR NDS PARA SUBISTITUIR PARA RAIO NO PS 946154256,  [PS=946154256 V4X4=NAO  CESTO=NAO  LV=NAO  CHVAB=NAO  JUMPAB=NAO  RISCOACID=NAO  CONSDESLIG=NAO  AVARIANAREDE=SIM   TODAREDEINSP=SIM  FONTESUB=NAO]  PS=946154256,SUBSTITUIR PARARRAIO(S=1  [PS=946154256,1-PARA-RAIO  15 KV POLIMERICO  ]
493817;NO PS 615156499 POSTE DE 150 QUEBRADO   PS 615157335 POSTE QUEBRADO NO PS NO PS 615157353 ARVORE EM CIMA DA REDE E NO CIRCUITO DA 4760 VARIOS CABOS FORA DO ISOLADR,  [PS=615157353 V4X4=SIM  CESTO=SIM  LV=NAO  CHVAB=SIM  JUMPAB=NAO  RISCOACID=NAO  CONSDESLIG=SIM  AVARIANAREDE=SIM   TODAREDEINSP=NAO  FONTESUB=NAO]  PS=615157353,PODAR ARVORE=2  [PS=615156499,1-POSTE DUPLO T D/150/10.5 M  PS=615157335,1-POSTE DUPLO T B/300/12,0M  ]
493819;1116088077 ROMPEU EM 2 PONTO TRAZER 20 METRO DE CABO 4 LOCAL DE BOM ACESSO CHAVE 86768 FICOU ABERTA CLIENTE 4 DIAS CEM LUZ, NDS CORRIGIDA BSC DA NDS 493810, ENCERRAR AS DUAS AO CONCLUIR O SERVICO [PS=111608809 V4X4=SIM  CESTO=NAO  LV=NAO  CHVAB=SIM  JUMPAB=NAO  RISCOACID=NAO  CONSDESLIG=SIM  AVARIANAREDE=NAO   TODAREDEINSP=SIM  FONTESUB=NAO]  PS=111608809  EMENDAR 2 CONDUTORES PS=111608809  CABO AL NU 4AWG
493820;GERAR NDS PARA MANUTECAO SUBS TR DE 112 KV ACREDITO QUE PODE TER QUEIMADO POR ECESSO DE CARGA GD, TR ESTA COM A BUCHA QUE ENTRA QUEBRADA E ACESSO BOM SOMENTE TR DA 13,8 TRIFAZICO,  [PS=555089209 V4X4=NAO  CESTO=NAO  LV=NAO  CHVAB=NAO  JUMPAB=NAO  RISCOACID=NAO  CONSDESLIG=SIM  AVARIANAREDE=SIM   TODAREDEINSP=SIM  FONTESUB=NAO]  PS=555089209,TRANSFORMADOR AVARIADO=1  
493822;URGENTE ARVORE DE GRANDE PORTE CAIU SOBRE A REDE COM RISCO DE ROMPER OS CABOS DE M T ENTRE O RA 8918002805 E A CHAVE 02726 NA BEIRA DA RODOVIA
493824;GERAR NDS PARA TROCAR POSTE QUEBRADO , JUMPER ABERTO NO PS 611623007 , VER A POSSIBILIDADE DE LIGAR DO TR 46986 ATE 33874 BEIRA DE ESTRADA . JA FALADO COM TECNICO REINOR.,  [PS=612316007 V4X4=SIM  CESTO=NAO  LV=NAO  CHVAB=NAO  JUMPAB=SIM  RISCOACID=NAO  CONSDESLIG=SIM  AVARIANAREDE=SIM   TODAREDEINSP=SIM  FONTESUB=NAO]  PS=612316007,POSTE AVARIADO/ABALROADO (SUBSTITUIR=1  [PS=612316007,2-POSTE DUPLO T B/600/12.0 M  ]
493826;TROCAR PS 793295933, ESTA COM CABO ROMPIDO PS QUEBRADO , ABERTO AMBOS AS CHAVES SECCIONANDO TRECHO LA 2100 , E CR 9502, TRECHO CONFINADO , NAO ESTA COM PLACA ,  PRIORIDADE TEM AVIARIO NO RAMAL . LOCAL MEIO DA LAVOURA DE TRIGO CONSUMIDOR AUTORIZOU A ENTRADA , TRAZER B 600 DEVIDO SER DE ANGULO CABO 4CAA  VAO NAO SAO MT LONGO CE POSIVEL REMORER OS ESTAI,  [PS=793295933 V4X4=NAO  CESTO=NAO  LV=NAO  CHVAB=SIM  JUMPAB=NAO  RISCOACID=NAO  CONSDESLIG=SIM  AVARIANAREDE=SIM   TODAREDEINSP=NAO  FONTESUB=NAO]  PS=793295933,EMENDAR CONDUTOR(ES=1 PS=793295933,POSTE AVARIADO/ABALROADO (SUBSTITUIR=1  [PS=793295933,1-POSTE DUPLO T B/600/12.0 M  PS=793295933,2-ISOL BASTAO POLIMERICO 34KV  ]
493828;SUBSTITUIR TRANSFORMADOR QUE PEGOU FOGO NAS BUCHAS DE SAIDA,  [PS=611772372 V4X4=SIM  CESTO=NAO  LV=NAO  CHVAB=SIM  JUMPAB=NAO  RISCOACID=NAO  CONSDESLIG=SIM  AVARIANAREDE=SIM   TODAREDEINSP=SIM  FONTESUB=NAO]  PS=611772372,TRANSFORMADOR AVARIADO=1  [PS=611772372,1-TRANSF TRIF 33 KV 112,5 KVA  ]
493830;FAVOR GERAR NDS PRA TROCA DO TR G6669, O MESMO NAO ESTA SAINDO TENSAO EM DUAS FASES DAS BUCHAS DE BAIXA REDE DE MT CO  TENSAO NORMAL NO TRIFASICO, CONSUMIDOR LIBERA ACESSO PRA CAMINHA TRAZER TR 75KVA 13,8 2 PARARAIO ACEITA TESTE POREM FICOU FECHADO DEVIDO NAO SAIR FASES,  [PS=587433107 V4X4=NAO  CESTO=NAO  LV=NAO  CHVAB=NAO  JUMPAB=NAO  RISCOACID=NAO  CONSDESLIG=SIM  AVARIANAREDE=SIM   TODAREDEINSP=SIM  FONTESUB=SIM]  PS=587433107,TRANSFORMADOR AVARIADO=1  [PS=587433107,1-TRANF. TRIF. 13.2 KV    75 KVA  ]
493832;EMENDAR CABO DE AT NO PS 616310668. CABECA DO POSTE ESTA QUEBRADA E CAIDA PARA O LADO, SE POSSIVEL IR COM CESTO AEREO PARA FAZER A EMENDA. CHAVE 8918006254 FICOU ABERTA.,  [PS=616310668 V4X4=NAO  CESTO=SIM  LV=NAO  CHVAB=SIM  JUMPAB=NAO  RISCOACID=NAO  CONSDESLIG=SIM  AVARIANAREDE=SIM   TODAREDEINSP=SIM  FONTESUB=NAO]  PS=616310668,EMENDAR CONDUTOR(ES=1  
493833; RETENCIONAR E REPARAR CABOS 4AWG COM TENTOS ROMPENDO NA REDE DE MT, NO CIRCUITO DA CH 09516, PROX AO PS 1115784404, LOCAL COM LIVRE ACESSO, CIRCUITO BIFASICO DE MT REDE 13KV
493834;FAVOR GERAR NDS PRA MANUTENCAO FASER TROCA DE CRUZETA NO PS 627246981 627246982 E 627246983 CAIU PINUS SOBRE A RD E QUEBROU 3 CRUZETAS ACESSO NAO E MUITO LONGE DA BR MAS SOMENTE APE E NO PS 627246547 CWBO ESTA FORA DO ISOLADOR QUEBROU OS DOIS TRWVANTE,TRASER 3 CRUZETAS E UNS 6 ISOLADOR DE PREVENCAO DA 34... FICOU ABERTA A SU 8628821136 8628808553 E A SU 8628808558,  [PS=627246981 V4X4=SIM  CESTO=NAO  LV=NAO  CHVAB=SIM  JUMPAB=NAO  RISCOACID=NAO  CONSDESLIG=SIM  AVARIANAREDE=SIM   TODAREDEINSP=SIM  FONTESUB=SIM]  PS=627246981,CORTAR ARVORE COM MOTOSSERRA=01 PS=627246981,APRUMAR POSTE=01 PS=627246981,EMENDAR CONDUTOR(ES=01 PS=627246981,TRANSFORMADOR COM VAZAMENTO=10  
493835;GERAR NDS PARA IMENDA DE CABOS APARTIR DO PS 616042999 ATE O PS 616043007 E TAMBEM NO TR 22242 ATE O PX PS , CHAVE ABERTA NO LOCAL, ACESSO LIVRE, ABERTO CHAVE E APENAS CONSUMIDORES DO DEFEITO DESLIGADO (SERVICO DE EMERGENCIA)
493838;NDS PARA REFAZER JUMPER PARTE SUPERIOR DA CHAVE 0620 FASE C, FAZER COM LINHA VIVA, REDE COMPACTA, SEM PONTO PARA ATERRAMENTO E NAO TEM DISTANCIA DE SEGURANCA PARA LINHA MORTA, TBM ESTRUTURA DE MEIO BECO NO LOCAL, CHAVE FICOU ABERTA COM PORTA FUSIVEIS RECOLHIDOS NO PE DO POSTE.ATENDE CONDOMINIO TRAZER CONECTOR TERMINAL PARA CABO DE COBRE ISOLADOFACIL ACESSO.,  [PS=617390996 V4X4=NAO  CESTO=SIM  LV=SIM  CHVAB=SIM  JUMPAB=NAO  RISCOACID=NAO  CONSDESLIG=SIM  AVARIANAREDE=SIM   TODAREDEINSP=SIM  FONTESUB=NAO]  PS=617390996,REFAZER JUMPER=1  
493841;DEIXAR SERVICO AXILIAR PARA CA 196 FAZER APOS ALMOCO,  [PS=615088275 V4X4=SIM  CESTO=NAO  LV=NAO  CHVAB=SIM  JUMPAB=NAO  RISCOACID=NAO  CONSDESLIG=SIM  AVARIANAREDE=SIM   TODAREDEINSP=NAO  FONTESUB=NAO]  PS=615088275,EMENDAR CONDUTOR(ES=1  [PS=615088275,20-CABO NU 4/0 CAA - COM ALMA  ]
493843;GERAR NDS PARA EMENDA DE CONDUTOR DE MT, DO PS 941779967 ATE O PS 941780970, VAO DE 150 METROS DE CABO ACO 3,2X25 LOCAL LAVOURA COM PLANTACAO DE TRIGO,  [PS=941779967 V4X4=SIM  CESTO=NAO  LV=NAO  CHVAB=SIM  JUMPAB=NAO  RISCOACID=NAO  CONSDESLIG=SIM  AVARIANAREDE=SIM   TODAREDEINSP=NAO  FONTESUB=NAO]  PS=941779967,EMENDAR CONDUTOR(ES=1  
493845;FAVOR GERAR NDS PARA TROCA DO POSTE DO TR S0897 EUCALIPTO CAIU EM SIMA QUEBRANDO O MESMO TRAZER UM B300 12MT E TRAZER 1 TRANSFORMADOR DE 10KVA DA 34.5 POR GARANTIA POIS ESTAO TUDO DEBAIXO DO EUCALIPTO DE GRANDE PORTE ABERTO GLV NO PS 939656325 APENAS O TR FORA CHAVE 12904 FECHADA BOM ACESSO GERADA RLD,  [PS=939656328 V4X4=SIM  CESTO=NAO  LV=NAO  CHVAB=NAO  JUMPAB=SIM  RISCOACID=NAO  CONSDESLIG=SIM  AVARIANAREDE=SIM   TODAREDEINSP=SIM  FONTESUB=NAO]  PS=939656328,POSTE AVARIADO/ABALROADO (SUBSTITUIR=1 PS=939656328,TRANSFORMADOR AVARIADO=1  [PS=939656328,1-POSTE DUPLO T B/300/12,0M  PS=939656328,1-TRANSF. MONO. 33 KV     10 KVA  ]
493848;CHAVE 04968 FICO ABERTA  CABO RONPIDO PS 614352266 ATE PS 614352253 CABO 32.25  VAO DE 50 METROS  FASER ROSADA E PODA  ASESSO PELA LAVORA,  [PS=614352266 V4X4=SIM  CESTO=NAO  LV=NAO  CHVAB=SIM  JUMPAB=NAO  RISCOACID=NAO  CONSDESLIG=SIM  AVARIANAREDE=NAO   TODAREDEINSP=SIM  FONTESUB=NAO]  PS=614352266,EMENDAR CONDUTOR(ES=1  
493850;TRANSFORMADOR NAO ACEITOU FECHAMENTO, FERVEU COM DUAS FASES FECHADAS. GARAGEM PODE ATRAPALHAR CHEGADA MANOBRA DO CAMINHAO.,  [PS=605052636 V4X4=NAO  CESTO=SIM  LV=NAO  CHVAB=NAO  JUMPAB=NAO  RISCOACID=NAO  CONSDESLIG=SIM  AVARIANAREDE=SIM   TODAREDEINSP=SIM  FONTESUB=NAO]  PS=605052636,PODAR ARVORE=0 PS=605052636,APRUMAR POSTE=0 PS=605052636,EMENDAR CONDUTOR(ES=0 PS=605052636,TRANSFORMADOR AVARIADO=1  [PS=605052636,1-TRANSF. TRIF. 33   KV     45KVA  ]
493854;GERAR NDS PARA APRUMAR PS 941699347, ANALIZAR POSTE RASO, SUBSTITUIR OU PLANTAR NOVAMENTE DERIVACAO DA CF 8813
493856;FAVOR GERAR SERVICO PARA MANUTENCAO TROCAR TR S3519 QUEIMADO DEVIDO A RAIO FEITO TESTE A VAZIO TRAZER 1 TR 10KVA E 1 PARA RAIO 27KV LIVRE ACESSO NA BEIRA DA ESTRADA CLIENTE SEM LUZ DESDE DOMINGO SE POSSIVEL EXECUTAR AINDA HOJE.,  [PS=566398481 V4X4=NAO  CESTO=NAO  LV=NAO  CHVAB=SIM  JUMPAB=NAO  RISCOACID=NAO  CONSDESLIG=SIM  AVARIANAREDE=SIM   TODAREDEINSP=SIM  FONTESUB=NAO]  PS=566398481,TRANSFORMADO QUEIMADO=1  [PS=566398481,1-PARA-RAIOS 27KV10KA  PS=566398481,1-TRANSF. MONO. 33 KV     10 KVA  ]
493858;GERAR NDS PARA EQUIPE DE LINHA VIVA REPARAR CABO NO ALIMENTADOR CAMBUI NO PS 554437249, MA ISOLACAO NA EMENDA DOS CABOS ESTA CAUSANDO DESCARGA, PODE SER PROGRAMADO,  [PS=554437249 V4X4=NAO  CESTO=NAO  LV=SIM  CHVAB=NAO  JUMPAB=NAO  RISCOACID=SIM  CONSDESLIG=NAO  AVARIANAREDE=SIM   TODAREDEINSP=SIM  FONTESUB=NAO]  PS=554437249,REPARAR CONDUTOR (TENTOS ROMPENDO=1  
493860;FAZER EMENDA DE CABO NA CF 82901 NO PS 1104785444 E APRUMAR POSTE DEVIDO O MESMO ESTA MUITO TORTO, NO LOCAL SO ATENDE PLACA SOLAR E A USINA DE PLACA ESTA FORA DEVIDO TER ARRACADO AS PLACA DEVIDO AO MAL TEMPO ACESSO BOM,  [PS=110478544 V4X4=NAO  CESTO=NAO  LV=NAO  CHVAB=SIM  JUMPAB=NAO  RISCOACID=NAO  CONSDESLIG=SIM  AVARIANAREDE=SIM   TODAREDEINSP=SIM  FONTESUB=NAO]  PS=1104785444,EMENDAR CONDUTOR(ES=3 PS=1104785444,APRUMAR POSTE=1  
493862;GERADO NDS PARA TROCA DE CRUZETA NO TR:285363 CHAVE ABERTA NO TRECHO :00155,  [PS=598491174 V4X4=NAO  CESTO=NAO  LV=NAO  CHVAB=SIM  JUMPAB=NAO  RISCOACID=NAO  CONSDESLIG=SIM  AVARIANAREDE=SIM   TODAREDEINSP=SIM  FONTESUB=NAO]  PS=598491174,SUBSTITUIR CRUZETA(S=2  [PS=598491174,2-CRUZETA POSTE CONCRETO L=2000MM  ]
493864;FAVOR GERAR NDS COM URGENCIA PARA APRUMAR POSTE NO PS: 938798421 O MESMO ESTA COM 3,90 MTS DE ALTURA, OFERECENDO RISCO DE ACIDENTE, O MESMO ATENDE A TORRE DA OI,  [PS=938798421 V4X4=NAO  CESTO=NAO  LV=NAO  CHVAB=SIM  JUMPAB=NAO  RISCOACID=SIM  CONSDESLIG=SIM  AVARIANAREDE=NAO   TODAREDEINSP=SIM  FONTESUB=NAO]  PS=938798421,APRUMAR POSTE=1  
493867;PASSAR PRA MANUTENCAO FAZER EMENDA DE CABO DE AT NO PS 1115393810 AO PS 1115393814 CABO ISOLADO 185MM ATENDE UMA USINA SOLAR TRASER 3 M DE CABO 185MM ISOLADO E EMENDAS ACESSO BOM FICOU ABERTA SU 72223 E CHAVE DE ENTRADA DO RA 72225,  [PS=111539381 V4X4=SIM  CESTO=NAO  LV=NAO  CHVAB=SIM  JUMPAB=NAO  RISCOACID=NAO  CONSDESLIG=SIM  AVARIANAREDE=SIM   TODAREDEINSP=SIM  FONTESUB=NAO]  PS=1115393810,EMENDAR CONDUTOR(ES=1  
493869;GERAR NDS PROGRAMADA PRA TROCA  DO TR A3315  O MESMO ESTA COM VASAMENTO DE OLEO   NO LOCAL UMA BANCADA   DOIS TR 25 MONO DA 13 UM DELES ESTA COM VASAMENTO    ASSESO BOM   PROGRAMAR,  [PS=950300578 V4X4=SIM  CESTO=NAO  LV=NAO  CHVAB=NAO  JUMPAB=NAO  RISCOACID=NAO  CONSDESLIG=NAO  AVARIANAREDE=NAO   TODAREDEINSP=NAO  FONTESUB=NAO]  PS=950300578,PODAR ARVORE=1  [PS=950300578,1-TRANSF. MONO. 13.2KV-254V 25 KVA  ]
493871;FAVOR GERAR NDS PARA TROCA DO TR 44141 O MESMO ESTA QUEIMADO CLIENTE  SEM ENERGIA DES DE DOMINGO SE POSSIVEL QUANTO ANTES TEM VACAS PRA TIRAR LOCAL LIVRE ACESSO.,  [PS=630240881 V4X4=SIM  CESTO=NAO  LV=NAO  CHVAB=NAO  JUMPAB=NAO  RISCOACID=SIM  CONSDESLIG=SIM  AVARIANAREDE=SIM   TODAREDEINSP=SIM  FONTESUB=NAO]  PS=630240881,APRUMAR POSTE=1  [PS=630240881,1-TRANSF. MONO. 33 KV     10 KVA  ]
493874;COD GERAR SERVICO EQUIPE MANUTENCAO EMW DAR  EMENDAR CONDUTOR ACO 3.2X25 VAO LONGO 300 METROS TRAVESSIA DE CORREGO FAZER PEQUENA ROCADA PRA EMENDAR  CONDUTOR CABO CAIU FORA DO ISOLADOR NO PS951319507 REFAZER STAI NK PS 951319504 JAMPER ABERTO NO PS 951319540 CHAVE TRIPSAVER 19813 FECHADA SOMENTE JM TRAFO FICOU FORA TRAFO 34404 FOTOS GRUPO NDS,  [PS=951319540 V4X4=SIM  CESTO=NAO  LV=NAO  CHVAB=NAO  JUMPAB=SIM  RISCOACID=NAO  CONSDESLIG=SIM  AVARIANAREDE=SIM   TODAREDEINSP=SIM  FONTESUB=NAO]  PS=951319540,CORTAR ARVORE COM MOTOSSERRA=10 PS=951319540,APRUMAR POSTE=00 PS=951319540,EMENDAR CONDUTOR(ES=1 PS=951319540,TRANSFORMADOR COM VAZAMENTO=00  
493876;APRUMAR E REFAZER ENGASTAMENTO DO PS 556071880 ESTRUTURA CE-1 SI-3 LOCAL DE FACIL ACESSO ESTAO FAZENDO LOTEAMENTO NO LOCAL PRIORIZAR PARA ESSA SEMANA,  [PS=556071880 V4X4=NAO  CESTO=SIM  LV=NAO  CHVAB=NAO  JUMPAB=NAO  RISCOACID=SIM  CONSDESLIG=NAO  AVARIANAREDE=NAO   TODAREDEINSP=SIM  FONTESUB=NAO]  PS=556071880,APRUMAR POSTE=1 PS=556071880,REFAZER ENGASTAMENTO DO POSTE=1  
493878;SE POSSIVEL 2 EQUIPE PS QUEBRADO 61219205 TRASER UM POSTE B300 2 CRUZETA E EMENDA CABO 3.2.25 BOM ECESSO CAMINHAO CHAVE 11471 FICOU ABERTA,  [PS=612192505 V4X4=SIM  CESTO=NAO  LV=NAO  CHVAB=SIM  JUMPAB=SIM  RISCOACID=SIM  CONSDESLIG=SIM  AVARIANAREDE=SIM   TODAREDEINSP=NAO  FONTESUB=NAO]  PS=612192505,POSTE AVARIADO/ABALROADO (SUBSTITUIR=1  
493882;NE ESSARIO CESTO AEREO POIS POSTE SEM STAI E ESTAO CAVANDO PROXIMOS OS PS,  [PS=880310510 V4X4=NAO  CESTO=SIM  LV=NAO  CHVAB=NAO  JUMPAB=NAO  RISCOACID=SIM  CONSDESLIG=SIM  AVARIANAREDE=SIM   TODAREDEINSP=SIM  FONTESUB=NAO]  PS=880310510,EMENDAR CONDUTOR(ES=1  
493885;PROCEDER CONFORME NDS 493848. ROCADA E CABO ROMPIDO.,  [PS=614352266 V4X4=SIM  CESTO=NAO  LV=NAO  CHVAB=SIM  JUMPAB=NAO  RISCOACID=SIM  CONSDESLIG=SIM  AVARIANAREDE=SIM   TODAREDEINSP=NAO  FONTESUB=NAO]  PS=614352266,FAZER ROCADA=99 PS=614352266,EMENDAR CONDUTOR(ES=01  [PS=614352266,99-CABO  ACO 3.2.25 - 4,87 MM 3 FIOS  ]
493888;CENTRAL, FAVOR GERAR NDS PARA EMENDAR CABOS DE AT E SUBSTITUIR MAO FRANCESA DA CRUZETA DA CF 891809863P NO PS 621297777. CRUZETA DA CF ENTORTOU NA MAO FRANCESA POR CONTA DO VENTO.  CHAVE FICOU ABERTA. CABOS ROMPERAM NOS 2 VAOS AS 3 FASES.,  [PS=621297777 V4X4=NAO  CESTO=NAO  LV=NAO  CHVAB=SIM  JUMPAB=NAO  RISCOACID=NAO  CONSDESLIG=SIM  AVARIANAREDE=SIM   TODAREDEINSP=SIM  FONTESUB=NAO]  PS=621297777,EMENDAR CONDUTOR(ES=1  [PS=621297777,2-ISOL BASTAO PORCELANA 15 KV  ]
493890;GERADA NDS PARA SUBISTITUIR UM PEDACO DO CABO FAZE B Q ALIMENTA CHAVE 99868 PONTO QUENTE NO ESTRIBO DANIFICOU CABO E JUNPER DA CHAVEFAZER COM LINHA VIVA ACESSO BOM PS774850116 NENHUM CONSUMIDOR DESLIGADO BT INTERLIGADA NO PS 774849971 INTERLIGADO TR A6170 NO B2952,  [PS=774850116 V4X4=NAO  CESTO=SIM  LV=SIM  CHVAB=SIM  JUMPAB=NAO  RISCOACID=SIM  CONSDESLIG=NAO  AVARIANAREDE=SIM   TODAREDEINSP=SIM  FONTESUB=NAO]  PS=774850116,REFAZER CONEXAO NA REDE=1  
493895;IR COM CESTO AEREO. VAI SER DIFICIL FAZER ESTAI PARA TENSIONAR O CABO 3X2,25MM. TERRENO DE LAGE. CAMINHONETE COM CESTO CHEGA NO POSTE OU CAMINHAO GUINDAUTO COM CESTO ACOPLADO. JUMPER ABERTO NO MESMO PS DO DEFEITO. 939841533. FICOU 3 TR DESLIGADO. ARVORE CAIU NA REDE. LEVAR EMENDA E ALCA 3X2,25 . ABRIR TS 5222 PARA FAZER O RETENSIONAMENTO,  [PS=939841533 V4X4=NAO  CESTO=SIM  LV=NAO  CHVAB=NAO  JUMPAB=SIM  RISCOACID=NAO  CONSDESLIG=SIM  AVARIANAREDE=SIM   TODAREDEINSP=SIM  FONTESUB=NAO]  PS=939841533,EMENDAR CONDUTOR(ES=1 PS=939841533,CORTAR ARVORE COM MOTOSSERRA=1 PS=939841533,APRUMAR POSTE=0 PS=939841533,TRANSFORMADOR AVARIADO=0  
493898;GERADO NDS PARA FAZER EMENDA DE CONDUTOR DA AT, NA DERIVACAO PARA O TR L9753. O MESMO FICOU ABERTO NO LOCAL. SERVICO PARA EQUIPE DE LINHA VIVA CESTO AEREO. CABO DA ALTA SUSPENSA PELO NINJA. CONSUMIDORES DESLIGADOS. O SERVICO SOLICITA URGENCIA, CABO CRUZANDO A RODOVIA.,  [PS=572019888 V4X4=NAO  CESTO=SIM  LV=SIM  CHVAB=SIM  JUMPAB=NAO  RISCOACID=SIM  CONSDESLIG=SIM  AVARIANAREDE=SIM   TODAREDEINSP=SIM  FONTESUB=NAO]  PS=572019888,EMENDAR CONDUTOR(ES=1  [PS=572019888,1-CABO DE ALUM. COBERTO 15KV 35MM  ]
493900;COLOCAR MAIS PS  VAO LONGO CABO BAIXO DO PS 614952585 AO PS614952584 DO PS 614952583 AO PS 614952582  LIVRE ACESSO,  [PS=614952585 V4X4=NAO  CESTO=NAO  LV=NAO  CHVAB=NAO  JUMPAB=NAO  RISCOACID=NAO  CONSDESLIG=NAO  AVARIANAREDE=SIM   TODAREDEINSP=SIM  FONTESUB=NAO]  PS=614952585,POSTE IRREGULAR (SUBSTITUIR/REALOCAR=4  [PS=614952585,4-POSTE DUPLO T B/300/12,0M  ]
493901;COLOCAR MAIS PS  VAO LONGO CABO BAIXO DO PS 614952585 AO PS614952584 DO PS 614952583 AO PS 614952582  LIVRE ACESSO,  [PS=614952585 V4X4=NAO  CESTO=NAO  LV=NAO  CHVAB=NAO  JUMPAB=NAO  RISCOACID=NAO  CONSDESLIG=NAO  AVARIANAREDE=NAO   TODAREDEINSP=SIM  FONTESUB=NAO]  PS=614952585,POSTE IRREGULAR (SUBSTITUIR/REALOCAR=4  [PS=614952585,4-POSTE DUPLO T B/300/12,0M  ]
493904;GERADA NDS PARA REGULAR OU SUBISTITUIR CHAVES D ENTRADA E SAIDA RA CNH 28 ESTAO   ENPERADAS N ESTAO TRAVAVANDO MAIS PODE SER PROGRAMADO ACESSO BOM PRA CAMINHAO,  [PS=570740600 V4X4=NAO  CESTO=SIM  LV=SIM  CHVAB=NAO  JUMPAB=NAO  RISCOACID=SIM  CONSDESLIG=NAO  AVARIANAREDE=SIM   TODAREDEINSP=SIM  FONTESUB=NAO]  PS=570740600,SUBSTITUIR CHAVE UNIPOLAR=1  
493907;REFAZER JAMPE DA CHAVE SUBSTITUIR PARA RAIO REFAZER MALHA DE ATERRAMENTO,  [PS=775066356 V4X4=SIM  CESTO=NAO  LV=NAO  CHVAB=NAO  JUMPAB=NAO  RISCOACID=NAO  CONSDESLIG=SIM  AVARIANAREDE=SIM   TODAREDEINSP=SIM  FONTESUB=NAO]  PS=775066356,REFAZER ATERRAMENTO=15 PS=775066356,SUBSTITUIR GLV (S=1  [PS=775066356,1-PARA-RAIOS 27KV10KA  ]
493908;FAVOR GERAR NDS PARA APLUMAR POSTE DO PS 939798990 E PS 939798993, POIS OS MESMOS ESTAO PENDIDOS A PONTO DE CAIR, APENAS PRESOS PELOS CABOS, FACIL ACESSO,  [PS=939798990 V4X4=SIM  CESTO=NAO  LV=NAO  CHVAB=NAO  JUMPAB=NAO  RISCOACID=SIM  CONSDESLIG=NAO  AVARIANAREDE=NAO   TODAREDEINSP=SIM  FONTESUB=NAO]  PS=939798990,APRUMAR POSTE=2  [PS=939798990,2-POSTE DUPLO T B/300/10.5M  ]
493910;CABO ROMPIDO/ MULETAR POSTE **PS603985865, TRAZER CABO 2 PARANA TRIFASICO** TRECHO INTERDITADO PELA CHAVE 34385, E JUMPER ABERTO NA REDE
493911;GERADO NDS PARA TROCAR O TR 81776V5767 O MESMO QUEIMOU E ESTA VAZANDO OLEO LOCAL FACIL ACESSO CLI FICOU DESLIGADO,  [PS=939093130 V4X4=SIM  CESTO=NAO  LV=NAO  CHVAB=SIM  JUMPAB=NAO  RISCOACID=NAO  CONSDESLIG=SIM  AVARIANAREDE=NAO   TODAREDEINSP=SIM  FONTESUB=NAO]  PS=939093130,TRANSFORMADO QUEIMADO=1  [PS=939093130,1-TRANSF. MONO. 33 KV     15 KVA  ]
493913;COMPLEMENTAR NDS 493759 - FAVOR GERAR SERVICO PARA TROCA DA CRUZETA E ISOLADORES NO PS 615061703 , E NO PS 615061704 APRUMAR O POSTE QUE ESTA EM DEGRINE  LOCAL DE FACIL ACESSO , A CHAVE 4056 PERMANESE COM ACHAVE ABERTO  NO LOCAL,
493914;FAVOR GERAR NDS PARA SUBSTITUIR O TR:31482 NO PS: 943013006, CLI ESTA DESDE DOMINGO SEM ENERGIA E SEM AGUA, TRAZER 1 TR 10KVA 13K.8KV MONO,  [PS=943013006 V4X4=NAO  CESTO=NAO  LV=NAO  CHVAB=SIM  JUMPAB=NAO  RISCOACID=NAO  CONSDESLIG=SIM  AVARIANAREDE=SIM   TODAREDEINSP=NAO  FONTESUB=NAO]  PS=943013006,TRANSFORMADO QUEIMADO=1  [PS=943013006,1-TRANSF. MONO. 13.2KV-254V 10 KVA  ]
493915;NDS PARA RECOLOCAR BT COMPACTA EM 3 VAOS, ARVORE CAIU SOBRE A REDE DERRUBANDO BTTRAZER 03 SUPORTE COM GRAMPO PARA BT COMPACTA06 METROS DE CABO 70 MULTIPLEXADO PARA EMENDA POIS ROMPEU CABOS NO MEIO DO VAO.02 ALCA 70 MM.CABOS FICARAM NO SITIO EM FRENTE AOS PSCONSUMIDOR COM LUZFACIL ACESSO.,  [PS=617390244 V4X4=NAO  CESTO=NAO  LV=NAO  CHVAB=NAO  JUMPAB=NAO  RISCOACID=NAO  CONSDESLIG=NAO  AVARIANAREDE=SIM   TODAREDEINSP=SIM  FONTESUB=NAO]  PS=617390244,RETENSIONAR CONDUTOR=3  
493917;SUBSTITUIR CHAVE BY-PASS DO OPERACIONAL 8918004996. FOMOS COLOCAR O RA EM OPERACAO MAS NAO CONSEGUIMOS ABRIR O BY-PASS DA FASE C.
493918;GERADO NDS PARA IMENDA DE CABO VAO LONGO ACESSO PELO PASTO DO CLIENTE,  [PS=615155494 V4X4=SIM  CESTO=NAO  LV=NAO  CHVAB=SIM  JUMPAB=NAO  RISCOACID=NAO  CONSDESLIG=SIM  AVARIANAREDE=SIM   TODAREDEINSP=SIM  FONTESUB=SIM]  PS=615155494,EMENDAR CONDUTOR(ES=1 PS=615155494,PODAR ARVORE=0 PS=615155494,APRUMAR POSTE=0 PS=615155494,TRANSFORMADOR COM VAZAMENTO=0  [PS=615155494,1-CABO  AL NU CAA  4 AWG - COM ALMA  ]
493919;FVR GERAR NDS PRA MAN TROCAR O TR B0244 Q ESTA QUEIMADO ACESSO BOM  ELE E DE 10 KVA DA 13 (SERVICO DE EMERGENCIA)
493920;NDS PARA SUBSTITUIR O PS 627030355 O MESMO JA ESTA REBAIXADO E DEVIDO O PS 627030330 TER QUEBRADO CABOS FICARAM BAIXOS EM MEIO A LAVOURA, FAVOR RECOLHER O PS 627030330 DO LOCAL POS ESSA DERIVACAO NAO EXISTE MAIS LOCAL ABANDONADO, BOM ACESSO PARA CAMINHAO. E PARA SUBSTITUIR O PS 627030355 NECESSARIO POSTE DE FIBRA POS NAO CHEGA CAMINHAO [PS=627030355 V4X4=SIM  CESTO=NAO  LV=NAO  CHVAB=NAO  JUMPAB=NAO  RISCOACID=SIM  CONSDESLIG=NAO  AVARIANAREDE=SIM   TODAREDEINSP=NAO  FONTESUB=NAO]  PS=627030355,POSTE AVARIADO/ABALROADO (SUBSTITUIR=1 PS=627030330,POSTE IRREGULAR (SUBSTITUIR/REALOCAR=1  [PS=627030355,1-POSTE FIBRA VIDROF/ 300/12  PS=627030330,1-POSTE DUPLO T D/150/10.5 M  ]
493921;SUBSTITUIR TR I0322 BUCHA FASE C AVARIADA COM VAZAMENTO DE OLEO PS 620954716 CLIENTE COM CHIQUEIRAO SEM LUZ DES DE SEGUNDA FEIRA PEDE URGENCIA,  [PS=620954716 V4X4=NAO  CESTO=NAO  LV=NAO  CHVAB=SIM  JUMPAB=NAO  RISCOACID=NAO  CONSDESLIG=SIM  AVARIANAREDE=SIM   TODAREDEINSP=SIM  FONTESUB=NAO]  PS=620954716,TRANSFORMADOR AVARIADO=1  [PS=620954716,1-TRANF. TRIF. 13.2 KV    45 KVA  ]
493925;NDS PARA A TROCA DO TR C4276 MESMO ESTA QUEIMADO COM BASTATNTE VAZAMENTO DE OLEO, TR FICOU ABERTO LOCAL DE FACIL ACESSO CAMINHAO PODE SER FEITO AMANHA,  [PS=836687827 V4X4=NAO  CESTO=NAO  LV=NAO  CHVAB=SIM  JUMPAB=NAO  RISCOACID=NAO  CONSDESLIG=SIM  AVARIANAREDE=SIM   TODAREDEINSP=SIM  FONTESUB=NAO]  PS=836687827,TRANSFORMADOR COM VAZAMENTO=1  [PS=836687827,1-TRANSF. MONO. 33 KV     25 KVA  ]
493927;FAVOR GERAR NDS PARA EMENDA DE CONDUTORES E REBAIXAR CRUZETA QUEBROU PONTA DO PS FICOU ABERTO JUNPER NO PS 627021479 CHAVE FICOU FECHADA LOCAL DE DIFICIL ACESSO A NOITE SOMENTE APE,  [PS=867659085 V4X4=SIM  CESTO=NAO  LV=NAO  CHVAB=NAO  JUMPAB=SIM  RISCOACID=NAO  CONSDESLIG=SIM  AVARIANAREDE=SIM   TODAREDEINSP=SIM  FONTESUB=NAO]  PS=867659085,EMENDAR CONDUTOR(ES=1 PS=867659085,APRUMAR POSTE=1  [PS=867659085,1-CABO  AL NU CAA  4 AWG - COM ALMA  ]
493934;TROCAR TR QUEIMADO, MAIS INFO COM CA710
493935;GERAR NDS PRA TROCAR TR QUEIMADO L6929, DE10,KV DA 13,8 TRASER 2 PARAIO , TBM LOCAL DE BOM ACESSO,  [PS=899533807 V4X4=SIM  CESTO=NAO  LV=NAO  CHVAB=NAO  JUMPAB=NAO  RISCOACID=NAO  CONSDESLIG=SIM  AVARIANAREDE=SIM   TODAREDEINSP=SIM  FONTESUB=NAO]  PS=899533807,TRANSFORMADO QUEIMADO=1  [PS=899533807,1-TRANSF. MONO. 13.2KV-254V 10 KVA  ]
493937;FAVOR GERAR SERVICO PARA TROCA DE TR F6320 O MESMO ESTA COM VAZAMENTO, TR FICOU LIGADO ,SOMENTE PARA PLACA SOLAR ,LOCAL DE FASCIL ASCESSO ,CLIENTE PEDE URGENCIA,  [PS=785180052 V4X4=SIM  CESTO=NAO  LV=NAO  CHVAB=NAO  JUMPAB=NAO  RISCOACID=SIM  CONSDESLIG=NAO  AVARIANAREDE=SIM   TODAREDEINSP=SIM  FONTESUB=NAO]  PS=785180052,TRANSFORMADOR COM VAZAMENTO=1  [PS=785180052,1-TRANSF. TRIF. 33   KV     75KVA  ]
493938;APRUMAR POSTE NO PS 606162832
493939;GERAR NDS PRA TROCA DE CHAVE 832169686P URGENTE COOPERATIVA LAR CEU AZUL PS616546329,  [PS=616546329 V4X4=NAO  CESTO=SIM  LV=SIM  CHVAB=NAO  JUMPAB=NAO  RISCOACID=SIM  CONSDESLIG=NAO  AVARIANAREDE=SIM   TODAREDEINSP=NAO  FONTESUB=NAO]  PS=616546329,SUBSTITUIR CHAVE UNIPOLAR=1  [PS=616546329,1-CHAVE FUSIVEL C -  POLIMERICA 27KV 300A  ]
493940;GERAR NDS PRA TROCA DE CHAVE 832169686P URGENTE COOPERATIVA LAR CEU AZUL PS616546329,  [PS=616546329 V4X4=NAO  CESTO=NAO  LV=SIM  CHVAB=NAO  JUMPAB=NAO  RISCOACID=NAO  CONSDESLIG=NAO  AVARIANAREDE=SIM   TODAREDEINSP=NAO  FONTESUB=NAO]  PS=616546329,SUBSTITUIR CHAVE UNIPOLAR=1  [PS=616546329,1-CHAVE FUSIVEL C -  POLIMERICA 27KV 300A  ]
493942;COMPLEMENTAR NDS 493610 EMENDA DE CONDUTOR NO PS 943485199 EMENDA TAMBEM NO PS 943485366 ATE A CF 2243 TRAZER 300 MTS DE CABO 4 USAR ESTAI NO PS 943485366 E ROCADA NO VAO DE UNS 200 MTS COM EUCALIPTO FACIL ACESSO,
493944;FAVOR GERAR NDS PARA TROCAR POSTE DO TANSFORMADOR QUE DERIVA DA CF 02501QUE ESTA FOM ENGASTAMENTO DE 57 CM NO SOLO NAO POSSIVEL ESCALAR ESTRUTURA CABO DE BT ROMPIDA CF 02501 ABERTA BOM ACESSO,  [PS=943186800 V4X4=SIM  CESTO=NAO  LV=NAO  CHVAB=SIM  JUMPAB=NAO  RISCOACID=NAO  CONSDESLIG=SIM  AVARIANAREDE=SIM   TODAREDEINSP=SIM  FONTESUB=NAO]  PS=943186800,POSTE IRREGULAR (SUBSTITUIR/REALOCAR=1 PS=943186800,EMENDAR CONDUTOR(ES=1  [PS=943186800,1-POSTE DUPLO T B/600/12.0 M  ]
493945;FAVOR EFETUAR EMENDA DE CABO 2 PROTEGIDO ENTRE OS PS 594163745 EO PS 594163790. E TABEM VAI SER NECESSARIO APRUMAR O PS 594163760 E RETIRAR ARVORE DE GRANDE PORTE QUE ESTA EM CIMA DOS CONDUTORES,  PROXIMO DO MESMO PS PARA APRUMAR, LUGAR DE BOM ACESSO FICOUA ABERTA AS CHAVES( 70534 EA 70533.,  [PS=594163760 V4X4=SIM  CESTO=NAO  LV=NAO  CHVAB=SIM  JUMPAB=NAO  RISCOACID=NAO  CONSDESLIG=SIM  AVARIANAREDE=SIM   TODAREDEINSP=SIM  FONTESUB=NAO]  PS=594163745,EMENDAR CONDUTOR(ES=1 PS=594163760,APRUMAR POSTE=1  [PS=594163745,1-CABO AL NU 2 AWG  ]
493946;FAVOR GERAR NDS PRA APRUMAR E REFAZER SOCA DO POSTE 775092048, O MESMO SEDEU COM VENTO, REDE FICOU LIGADA, BOM ACESSO BEIRA ASFALTO,  [PS=775092048 V4X4=NAO  CESTO=NAO  LV=NAO  CHVAB=NAO  JUMPAB=NAO  RISCOACID=SIM  CONSDESLIG=NAO  AVARIANAREDE=SIM   TODAREDEINSP=NAO  FONTESUB=NAO]  PS=775092048,APRUMAR POSTE=1  
493947;NDS PARA EMENDA DE CONDUTOR DE ACO 3,09 ROMPIDO EM MEIO A MATADIFICIL ACESSOMATERIAIS20 METROS DE CABO 3,09EMENDAS,  [PS=778170358 V4X4=SIM  CESTO=NAO  LV=NAO  CHVAB=SIM  JUMPAB=NAO  RISCOACID=NAO  CONSDESLIG=SIM  AVARIANAREDE=SIM   TODAREDEINSP=SIM  FONTESUB=NAO]  PS=778170358,EMENDAR CONDUTOR(ES=2  
493948;CENTRAL FAVOR GERAR NDS PASSAR PARA MANUTENCAO SUBSTITUIR TR 83216R4240 QUEIMADO TRAZER TRANSFORMADO MONO 34,5KV DE 10KVA LOCAL SEM ACESSO PARA CAMINHAO. SE POSSIVEL PRIORIZAR CLIENTE ALEGA ESTAR SEM ENERGIA DESDE DOMINGO 21-09-25.,  [PS=551209262 V4X4=SIM  CESTO=NAO  LV=NAO  CHVAB=NAO  JUMPAB=NAO  RISCOACID=NAO  CONSDESLIG=SIM  AVARIANAREDE=SIM   TODAREDEINSP=SIM  FONTESUB=NAO]  PS=551209262,TRANSFORMADO QUEIMADO=1 PS=551209262,PODAR ARVORE=0 PS=551209262,RETENSIONAR CONDUTOR=0 PS=551209262,APRUMAR POSTE=0  [PS=551209262,1-TRANSF. MONO  10KVA OVI  ]
493950;***ATENCAO LOCAL DE DIVISA - CONFIRMAR CHAVE ABERTA DO LADO DE PALMITAL***TROCA POSTE E TR NO PS 889989664 ROMPEU CABO LEVANDO A QUEBRAR POSTE LOCAL DE DIFICIL ACESSO, REDE VEM DE PALMITAL COMUNICAR COD PARA VER COMO ESTA PRO OUTRO LADO PARA FAZER SERVICO COM SEGURANCA TRAZER UNS 4 METROS DE RAMAL 16 MM,   PS=889989664,POSTE AVARIADO/ABALROADO (SUBSTITUIR=1 PS=889989664,TRANSFORMADOR AVARIADO=1 PS=889989664,PODAR ARVORE=3 PS=889989664,EMENDAR CONDUTOR(ES=1  [PS=889989664,1-POSTE FIBRA VIDROF/300/10,5M  PS=889989664,1-TRANSF. MONO  15KVA OVI  PS=889989664,4-TRIPLEX AL 16 MM2  ]
493951;GERAR NDS PRA MAN VIM EMENDAR CABO NO PS 615051282 Q ESTA ROMPIDO CHAVE 09745 ABERTA CHAVE 05203 ABERTA ACESSO BOM TRASER CABO 4 COM ALMA ESOLADOR PILAR DA 34 E 1 PINO TRAVANTE 148MM,  [PS=615051282 V4X4=NAO  CESTO=NAO  LV=NAO  CHVAB=SIM  JUMPAB=NAO  RISCOACID=NAO  CONSDESLIG=SIM  AVARIANAREDE=SIM   TODAREDEINSP=SIM  FONTESUB=SIM]  PS=615051282,PODAR ARVORE=0 PS=615051282,APRUMAR POSTE=0 PS=615051282,EMENDAR CONDUTOR(ES=1 PS=615051282,TRANSFORMADOR AVARIADO=0  [PS=615051282,20-CABO  AL NU CAA  4 AWG - COM ALMA  PS=615051282,1-ISOL PILAR PORCELANA 35 KV  ]
493952;LV VIR REPOR CABO NO ISOLADOR, CABO ESTA EM CIMA DA CRUZETA, CABOAUTO PROTEGIDO, REDE NOVA NAO TEM NO GPS, PS PROXIMO 943545685, ESTAVAMODPASSANDO PELO LOCAL, ESTAREI EXPLICANDO MELHOR A LOCALIZACAO PARA TECNICO MAICO DA MANUTENCAO
493953;SERVICO PARA TROCA DE ISOLADOR NO PS 799791264 NA DERIVACAO DA CH 91469 NECESSARIO ABRIR A MESMA. JA APROVEITAR E DERRUBAR 3 ARVORES NO PS 771541840 E PODAR UM PINHEIRO NO PS 771996388. (SERVICO DE EMERGENCIA)
493957;FAVOR GERAR NDS PARA FAZER AMARRACAO DE CONDUTOR FORA DO ISOLADOR NO PS 941781903 E  REFAZER AMARRACAO NO PS 941781900 REDE LIGADA SEM RISCO PODE SER EXECUTADO POR LINHA VIVA, POSTE NA BEIRA DA ESTRADA,  [PS=941781903 V4X4=NAO  CESTO=NAO  LV=NAO  CHVAB=NAO  JUMPAB=NAO  RISCOACID=NAO  CONSDESLIG=NAO  AVARIANAREDE=SIM   TODAREDEINSP=NAO  FONTESUB=NAO]  PS=941781903,RETENSIONAR CONDUTOR=1  
493959;FOI GERADO NDS PARA TROCAR TR QUEIMADO LOCAL FACIL ACESSO TR MONO 13 ATENDE RA 80858 FEITO TESTE A VASIO DEMORA PARA ABRIR EM TORNO UNS DEZ MINUTOS DAI ABRE,  [PS=593019862 V4X4=SIM  CESTO=NAO  LV=NAO  CHVAB=SIM  JUMPAB=NAO  RISCOACID=NAO  CONSDESLIG=NAO  AVARIANAREDE=SIM   TODAREDEINSP=SIM  FONTESUB=NAO]  PS=593019862,TRANSFORMADO QUEIMADO=1  [PS=593019862,1-TRANSF. MONO. 13.2KV-254V 10 KVA  ]
493961;GERADO NDS PARA TROCA DE PS 950625830 MESMO CEDOU ESTA PRETE A CAIR ROMPEU A ALCA DO STAI PS ESTA QUEBRADO NECESSARIO SUBSTITUIR, FICOU ABERTO CF 07001 NO LOCAL CRUZETA TIPO T FAVOR TRAZER ESTRUTURA COMPLETA PARA N2 LOCAL FACIL ACESSO CAMINHAO,  [PS=950625830 V4X4=NAO  CESTO=NAO  LV=NAO  CHVAB=SIM  JUMPAB=NAO  RISCOACID=SIM  CONSDESLIG=SIM  AVARIANAREDE=SIM   TODAREDEINSP=SIM  FONTESUB=NAO]  PS=950625830,POSTE AVARIADO/ABALROADO (SUBSTITUIR=1  [PS=950625830,1-POSTE DUPLO T B/600/12.0 M  ]
493965;FAVOR GERAR NDS PARA TROCA DO TR 8628840815 QUEIMADO , FACIL ACESSO , CHAVE 20805 FICOU FECHADA AS 11:03 , TRAZER UM TR MONO 25 KVA,  [PS=630287955 V4X4=SIM  CESTO=NAO  LV=NAO  CHVAB=NAO  JUMPAB=NAO  RISCOACID=NAO  CONSDESLIG=SIM  AVARIANAREDE=SIM   TODAREDEINSP=SIM  FONTESUB=NAO]  PS=630287955,TRANSFORMADO QUEIMADO=1  [PS=630287955,1-TRANSF. MONO. 33 KV     25 KVA  ]
493966;COMPLEMENTAR 493950***ATENCAO LOCAL DE DIVISA - CONFIRMAR CHAVE ABERTA DO LADO DE PALMITAL***TROCA POSTE E TR NO PS 889989664 ROMPEU CABO LEVANDO A QUEBRAR POSTE LOCAL DE DIFICIL ACESSO, REDE VEM DE PALMITAL COMUNICAR COD PARA VER COMO ESTA PRO OUTRO LADO PARA FAZER SERVICO COM SEGURANCA TRAZER UNS 4 METROS DE RAMAL 16 MM,
493970;SOBRE A SS 20251543802369 CLIENTE RECLAMA DE EUCALIPTOS DE GRANDE PORTE TOCANDO A REDE,FAVOR GERAR PODAS OU CORTE PROXIMO AO PS  785088554 ,PARA PODAS NESSESARIO HIDRO ELEVADOR . (SERVICO DE EMERGENCIA)
493971;FAZER TROCA DO PS619825152 O MESMO SE ENCONTRADA QUEBRADO NO PE , VIA COM AUTA DEMANDA DE VEICULOS E PEDESTES RICOS DE ACIDENDE. TRAZE POSTE DE B300 12MTRS. SOMENTE REDE BT NO LOCAL.,  [PS=619825152 V4X4=NAO  CESTO=SIM  LV=NAO  CHVAB=NAO  JUMPAB=NAO  RISCOACID=SIM  CONSDESLIG=SIM  AVARIANAREDE=SIM   TODAREDEINSP=SIM  FONTESUB=NAO]  PS=619825152,POSTE AVARIADO/ABALROADO (SUBSTITUIR=1  [PS=619825152,1-POSTE DUPLO T B/300/12,0M  ]
493974;GERAR NDS PRA TROCAR TR83216C0011 DERRETEU AS BUCHAS DA ENTRADA QUE CONECTA A BT TRAZER 4 TERMINAL 2.0 E 6 METROS DE CABO 2.0,  [PS=617574348 V4X4=NAO  CESTO=NAO  LV=NAO  CHVAB=SIM  JUMPAB=NAO  RISCOACID=NAO  CONSDESLIG=SIM  AVARIANAREDE=SIM   TODAREDEINSP=NAO  FONTESUB=NAO]  PS=617574348,TRANSFORMADO QUEIMADO=1  [PS=617574348,1-TRANF. TRIF  13.2 KV 45 KVA OVI  ]
493975;FAVOR GERAR NDS PARA TROCAR TR TRIFASICO DE 30 KVA DA 34,5 E APROVEITAR PARA PADRONIZAR, EXECUTADO TESTE A VAZIO O MESMO ESTA QUEIMADO TRAZER UM TR DE 30 KVA DA 34,5 E 3 PARA RAIOS PARA PADRONIZACAO FACIL ACESSO PARA CAMINHAO,  [PS=774499461 V4X4=SIM  CESTO=SIM  LV=NAO  CHVAB=NAO  JUMPAB=NAO  RISCOACID=NAO  CONSDESLIG=SIM  AVARIANAREDE=SIM   TODAREDEINSP=SIM  FONTESUB=NAO]  PS=774499461,TRANSFORMADO QUEIMADO=1  [PS=774499461,1-TRANSF. TRIF. 33   KV     30KVA  PS=774499461,3-PARA-RAIOS 27KV10KA  ]
493976;FAZER EMENDA DE CONDUTOR MT EPRA SER 35MM COBERTO, E FAZER DERUBADA DE ARVORES QUE OCASIONARAM O ROMPIMENTO DO CABO, 7 VAO QUE COREU O CABO, NESSE PONTO AONDE TEM CABO ROMPINDO TEM ESTRIVOS PRA ATERAMNETO, DAI TEM CABO PRA SER REPADO NO 794754777NESSESARIO LINHA VIA FICA AO LADO DA CHAVE 25234, A MESMA FOI ABERTA PRA ISOLAR TRECHO, DE UM LADO ESTA COM TENSAO, NAO TEM PONTO DE ATERAMENTO NECE LOCAL, LOCAL FACIL ACESSO BEIRADAESTRADA...
493977;CENTRAL GERAR NDS PRA MANUTENCAO FAZER A TROCA DO PS DO TR TEM UM VAO DE BT LONGE E OS CABO FICA BAIXO CLI NAO CONCEGUE PASSA COM A MAQUINA NA LAVOURA,  [PS=612648879 V4X4=NAO  CESTO=NAO  LV=NAO  CHVAB=NAO  JUMPAB=NAO  RISCOACID=NAO  CONSDESLIG=NAO  AVARIANAREDE=SIM   TODAREDEINSP=SIM  FONTESUB=NAO]  PS=612648879,POSTE IRREGULAR (SUBSTITUIR/REALOCAR=1  
493978;REFAZER N4 COM OS PASSANTES ATORADOS RD CABOS ESTAO SEGURO SO PELAS CONEXOES NO RA 83240PPT19 FOTOS NO GRUPO DA NDS (SERVICO DE EMERGENCIA)
493982;URGENTE POSTE QUEBRADO NO TRONCO DO ALIMENTADOR PS 615226717
493984;RETENCIONAR CABO DE AT E INTERCALAR POSTE EMYTRE O VAO E REFAZER ESTAI,  [PS=775434644 V4X4=SIM  CESTO=NAO  LV=NAO  CHVAB=SIM  JUMPAB=NAO  RISCOACID=SIM  CONSDESLIG=SIM  AVARIANAREDE=NAO   TODAREDEINSP=SIM  FONTESUB=NAO]  PS=775434644,RETENSIONAR CONDUTOR=1 PS=775434644,REFAZER ESTAI=1  [PS=775434644,1-CABO NU 4/0 CAA - COM ALMA  PS=775434644,1-POSTE DUPLO T B/300/12,0M  ]
493987;FAVOR GERAR SERVICO PARA EQUIPE DE ROCADA , PARA FASER ROCADA , DO TR H1276 , ENTRE OS PS 616586563 AO PS 616586561 , LOCAL DE DIFICIL ACESSO , NO LOCAL O CLIENTE PERMANECE LIGADA NO MOMENTO ,,  [PS=616586539 V4X4=SIM  CESTO=NAO  LV=NAO  CHVAB=NAO  JUMPAB=NAO  RISCOACID=SIM  CONSDESLIG=NAO  AVARIANAREDE=NAO   TODAREDEINSP=SIM  FONTESUB=NAO]  PS=616586539,FAZER ROCADA=1  
493990;TR Z0193 QUEIMADO FEITO TESTE A VAZIO MESMO NAO ACEITOU EM CURTO LOCAL BOM ACESSO CLI PEDI URGENCIA  SEM LUZ DESDE DOMINGO  TRAZER UM PARARAIO,  [PS=815965576 V4X4=SIM  CESTO=NAO  LV=NAO  CHVAB=NAO  JUMPAB=NAO  RISCOACID=NAO  CONSDESLIG=SIM  AVARIANAREDE=SIM   TODAREDEINSP=SIM  FONTESUB=NAO]  PS=815965576,TRANSFORMADO QUEIMADO=1  [PS=815965576,1-TRANSF. MONO. 33 KV     10 KVA  ]
493991;TR Z0193 QUEIMADO FEITO TESTE A VAZIO MESMO NAO ACEITOU EM CURTO LOCAL BOM ACESSO CLI PEDI URGENCIA  SEM LUZ DESDE DOMINGO  TRAZER UM PARARAIO,  [PS=815965576 V4X4=SIM  CESTO=NAO  LV=NAO  CHVAB=NAO  JUMPAB=NAO  RISCOACID=NAO  CONSDESLIG=SIM  AVARIANAREDE=SIM   TODAREDEINSP=SIM  FONTESUB=NAO]  PS=815965576,TRANSFORMADO QUEIMADO=1  [PS=815965576,1-TRANSF. MONO. 33 KV     10 KVA  ]
493992;FAZER COM LINHA VIVA CABO FORA DO ISOLADOR NO PS 798240835 - FOTOS ENVIADAS PARA JACKSON
493993;URGENTE APRUMAR POSTE PS 620900052 TRONCO DO ALIMENTADOR BALSAMO, DEVIDO CHUVAS ESTA QUASE CAINDO
493994;PRA CORTE DE ARVORE PUCHADA NO PS 895900816 GQLHOS FORCANDO RSI, BOM ACESSO PRA CAMINHAO...SS 01.20251550439261.1.1 (SERVICO DE EMERGENCIA)
493996;EMENDAR CONDUTOR DE MT 3X2,25 NO PS 946243825 ATE 946243376, JUMPER ABERTO NO PS 946243831 E TRIP 59384 FICOU FECHADA, SEM ACESSO A NENHUM DOS PS, 500 MT DE PUCHADA, FAZER DE DIA A NOITE FICA DIFICIL FAZER,  [PS=946243825 V4X4=SIM  CESTO=NAO  LV=NAO  CHVAB=NAO  JUMPAB=SIM  RISCOACID=NAO  CONSDESLIG=SIM  AVARIANAREDE=SIM   TODAREDEINSP=SIM  FONTESUB=NAO]  PS=946243825,EMENDAR CONDUTOR(ES=1  [PS=946243825,1-CABO  ACO 3.2.25 - 4,87 MM 3 FIOS  ]
493997;REFASER ESTAINO PS 774895068 E PS 789880903 TRAZER 2 ESTAI COMPLETOS FOI ABERTO GLV NO PS 771378227  CABO COM 3 METROS DE ALTURA FICOU SOMENTE O TR FORA UC PERTENSE A  COMUNIDADE  PODE SER FEITO AMANHA SEDO LOCAL DE LIVRE ACESSO.,  [PS=774895068 V4X4=SIM  CESTO=NAO  LV=NAO  CHVAB=NAO  JUMPAB=SIM  RISCOACID=NAO  CONSDESLIG=SIM  AVARIANAREDE=SIM   TODAREDEINSP=SIM  FONTESUB=NAO]  PS=774895068,REFAZER ESTAI=2  [PS=774895068,2-CORDOALHA ACO CARBONO 6,4 MM  ]
493998;SUBSTITUIR TR G6464 DE 75KVA NA 34,5KV, O MESMO ESTA COM VAZAMENTO DE OLEO E ENERGIA DO CLIENTE ESTA OCILANDO, FRIGORIFICO DO MERCADO MANFROI, ENCARREGADO INFORMOU QUE ENERGIA CAI PARA 106V QUANDO LIGA EQUIPAMENTOS, CONEXOES VERIFICADAS, BOM ACESSO,  [PS=587792666 V4X4=SIM  CESTO=NAO  LV=NAO  CHVAB=NAO  JUMPAB=NAO  RISCOACID=NAO  CONSDESLIG=NAO  AVARIANAREDE=SIM   TODAREDEINSP=SIM  FONTESUB=NAO]  PS=587792666,TRANSFORMADOR COM VAZAMENTO=1  
494001;GERAR NDS PASSAR MANUTENCAO REFAZER ESTAI NO TR L0703,  [PS=785149121  V4X4=NAO  CESTO=NAO  CHVAB=NAO  JUMPAB=NAO  LV=NAO  CONSDESLIG=NAO  RISCOACID=NAO  AVARIANAREDE=NAO  TODAREDEINSP=NAO  FONTESUB=NAO]  PS=785149121,REFAZER ESTAI=1  
494002;PODAR/CORTAR ARVORES NOS PS-592038470PS- 592147383, E REDE PROTEGIDA, MAS OS GALHOS CRUZARAM A REDE ENTRE OS CABOS VAI PRECISAR DESLIGAR A REDE.
494003;FAVOR GERAR NDS PARA MANUTENCAO FAZER A SUBSTITUICAO DO PS 611099732, POSTE ESTA COM O PE QUEBRADO COM OS FERROS EXPOSTOS OFERECENDO RISCO, BOM ACESSO NO LOCAL TRAZER UM POSTE B600 12 MT, POSTE COM REDE BT E MT
494005;DERRUBAR DUAS ARVORES COM MOTOSSERRA POIS ESTA TRAVANDO O CABO DE SUBIR NO PS 827073785. SE POSSIVEL FAZER ROCADA ONDE PASSA OS CABOS . EMENDAR CABO DE BT NO PS 827073788 . TRAZER ENTRE 10M A 15M DE CABO NU CAA 4AWG PARA FAZER EMENDA E REFAZER JUMPER NA BT . EQUIPE SEM CABO PARA EMENDA .,  [PS=827073788 V4X4=SIM  CESTO=NAO  LV=NAO  CHVAB=SIM  JUMPAB=NAO  RISCOACID=NAO  CONSDESLIG=SIM  AVARIANAREDE=SIM   TODAREDEINSP=SIM  FONTESUB=NAO]  PS=827073785,CORTAR ARVORE COM MOTOSSERRA=2 PS=827073788,EMENDAR CONDUTOR(ES=1 PS=827073788,FAZER ROCADA=25  [PS=827073788,10-CABO  AL NU CAA  4 AWG - COM ALMA  ]
494006;NDS GERADA PARA SUBSTITUIR 115 METROS DE CABOS POR FASE,O MESMO ESTA AVARIADO EM VARIOS POSTOS SO PELA ALMA,DISTANCIA DE UM PS AO OUTRO E DE 115 PASSOS,DO PS 626520136 ATE O PS 626520126,CHAVE ABERTA 8918004945,CONSUMIDOR DESLIGADO,  [PS=626520133 V4X4=NAO  CESTO=SIM  LV=NAO  CHVAB=SIM  JUMPAB=NAO  RISCOACID=NAO  CONSDESLIG=SIM  AVARIANAREDE=SIM   TODAREDEINSP=SIM  FONTESUB=NAO]  PS=626520133,RETENSIONAR CONDUTOR=3  [PS=626520133,3-CABO  AL NU CAA  4 AWG - COM ALMA  ]
494007;FAVOR GERAR NSD NO SERVICO 50543143 PARA ESTALACAO DE ESTRIBO,O MESMO SE SOLTOU DO CABO E FOI CONECTADO O GLV DIRETO NO CABO,CONSUMIDOR LIGADO NO LOCAL,TR 89180D3680
494009;FAVOR GERAR NDS PARA MANUTENCAO FAZER A TROCA DO TR 86288P3240 O MESMO ESTA COM VAZAMENTO NA BUCHA ABRIU 3 VZSDE ONTEM PRA CA MESMO FICOU FECHADO NO LOCAL SE POSSIVEL TROCA COM URGENCIA LEITARIA NO LOCAL E DEPOSITO DE.QUEIJO ACESSO BOM,  [PS=110508292 V4X4=NAO  CESTO=NAO  LV=NAO  CHVAB=NAO  JUMPAB=NAO  RISCOACID=NAO  CONSDESLIG=SIM  AVARIANAREDE=NAO   TODAREDEINSP=SIM  FONTESUB=NAO]  PS=1105082927,TRANSFORMADOR COM VAZAMENTO=1  [PS=1105082927,1-TRANSF. MONO. 13.2KV-254V 25 KVA  ]
494011;NDS 493950 COMPLEMENTAR*****TROCA POSTE E TR NO PS 889989664 ROMPEU CABO LEVANDO A QUEBRAR POSTE LOCAL DE DIFICIL ACESSO, REDE VEM DE PALMITAL COMUNICAR COD PARA VER COMO ESTA PRO OUTRO LADO PARA FAZER SERVICO COM SEGURANCA TRAZER UNS 4 METROS DE RAMAL 16 MM,
494012;,PS ESTA 8 POSTE A FRENTE DO RA 88696 (PROXIMO CHAVE 84076 Q ESTA INSTALADO NO PS 1100281200. ,RA 88696 E A CH 88695 ESTAO ABERTOS PARA SECCIONAR TRECHO , PR TRIFASICO REDE SEM INFORMACOES NO GPS . TEM CABOS SOLTO FORA DO ISOLADOS PROXIMO DO SOLO EM DOIS PONTO PARA FRENTE NA REDE ESTAO AO LADO RA 84052 , REDE QUE PASSA EMBAIXO FICOU LIGADA SERA NESSECARIO DESLIGAR PARA TRABALHAR  V4X4=NAO  CESTO=SIM  LV=NAO  CHVAB=SIM  JUMPAB=NAO  RISCOACID=NAO  CONSDESLIG=NAO  AVARIANAREDE=SIM    PS=1100281200 PS=1100281200,POSTE AVARIADO/ABALROADO (SUBSTITUIR=1 PS=1100281200,RETENSIONAR CONDUTOR=3 PS=1100281200,SUBSTITUIR CRUZETA(S=1  [PS=1100281200,1-CRUZETA POSTE CONCRETO L=2000MM  PS=1100281200,1-POSTE DUPLO T B/300/12,0M  ]
494013;COMPLEMENTAR DA NDS 493396----EMENDAR CONDUTOR DE MT 3X2,25 NO PS 946243825 ATE 946243376, JUMPER ABERTO NO PS 946243831 E TRIP 59384 FICOU FECHADA, SEM ACESSO A NENHUM DOS PS, 500 MT DE PUCHADA, FAZER DE DIA A NOITE FICA DIFICIL FAZER,
494014;TROCAR POSTE QUEBRADO E EMENDA DE CABO PS 785088259  CHAVE 8321607149 FICOU ABERTA E JUMPER ABERTO NO PS 785049089  REDE ESTA  LIGADA PELA CHAVE 8321607163 ATE JUMPER ABERTO, FACIL ACESSO PARA COAMINHAO [PS=785088259 V4X4=NAO  CESTO=NAO  LV=NAO  CHVAB=SIM  JUMPAB=SIM  RISCOACID=NAO  CONSDESLIG=SIM  AVARIANAREDE=SIM   TODAREDEINSP=NAO  FONTESUB=NAO]  PS=785088259,POSTE AVARIADO/ABALROADO (SUBSTITUIR=1  [PS=785088259,1-POSTE DUPLO T B/300/10.5M  PS=785088259,1-ISOL PILAR PORCELANA 35 KV  PS=785088259,1-ISOL BASTAO POLIMERICO 34KV  ]
494015;TROCA DE TRANSFORMADOR O MESMO ESTA COM AS CHAVES LIGADAS E NAO TA SAINDO 220V FEITO TESTE COM FASES E NEUTRO TUDO OK FASE FASE FALTANDO FASE ACESSO BOM BEIRA DA ESTRADA,  [PS=617960865 V4X4=NAO  CESTO=NAO  LV=NAO  CHVAB=SIM  JUMPAB=NAO  RISCOACID=NAO  CONSDESLIG=SIM  AVARIANAREDE=SIM   TODAREDEINSP=SIM  FONTESUB=NAO]  PS=617960865,TRANSFORMADOR AVARIADO=1  [PS=617960865,1-TRANSF. TRIF. 33   KV     75KVA  ]
494016;TROCAR TRAFO PS 622072773 TRAFO QUEIMADO H1024,  [PS=622072773 V4X4=NAO  CESTO=NAO  LV=NAO  CHVAB=SIM  JUMPAB=NAO  RISCOACID=NAO  CONSDESLIG=SIM  AVARIANAREDE=SIM   TODAREDEINSP=SIM  FONTESUB=NAO]  PS=622072773,TRANSFORMADO QUEIMADO=1  [PS=622072773,1-TRANSF. MONO  15KVA OVI  ]
494017;COMPLEMENTAR NDS 493996EMENDAR CONDUTOR DE MT 3X2,25 NO PS 946243825 ATE 946243376, JUMPER ABERTO NO PS 946243831 E TRIP 59384 FICOU FECHADA, SEM ACESSO A NENHUM DOS PS, 500 MT DE PUCHADA, FAZER DE DIA A NOITE FICA DIFICIL FAZER,
494018;FAZER EMENDA DE CONDUTOR FIO ACO 3.09,  [PS=565537828 V4X4=NAO  CESTO=NAO  LV=NAO  CHVAB=SIM  JUMPAB=NAO  RISCOACID=NAO  CONSDESLIG=SIM  AVARIANAREDE=SIM   TODAREDEINSP=SIM  FONTESUB=NAO]  PS=565537828,EMENDAR CONDUTOR(ES=2  
494024;TRAZER DOIS POSTE  UM B2000 COMPLETO ESTRUTURA N4DN3, TRAZER UM B600 ESTRUTURA N3DN3CF  ( CHAVE 15962,  TRAZE 4 ISOLADOR BASTAO DA PORCELANA,  SEIS CRUZETA , CABO 20 CAA E CABO 4CAA E EMENDA
494025;FAVOR GERAR NDS PARA EMENDA DE CONDUTOR 3X2,25 NO PS 790381569 ATE O PS 771995527 ARVORE CAIU SOBRE A REDE. VAO LONGO POREM DE BOM ACESSO, FICOU ABERTA A CHAVE 06584.,  [PS=790381569 V4X4=SIM  CESTO=NAO  LV=NAO  CHVAB=SIM  JUMPAB=NAO  RISCOACID=SIM  CONSDESLIG=SIM  AVARIANAREDE=SIM   TODAREDEINSP=SIM  FONTESUB=NAO]  PS=790381569,EMENDAR CONDUTOR(ES=1  
494026;AUXILIO CA601 - TRAZER DOIS POSTE  UM B2000 COMPLETO ESTRUTURA N4DN3, TRAZER UM B600 ESTRUTURA N3DN3CF  ( CHAVE 15962,  TRAZE 4 ISOLADOR BASTAO DA PORCELANA,  SEIS CRUZETA , CABO 20 CAA E CABO 4CAA E EMENDA
494029;FAVOR GERAL NDS PARA EQUIPE DA AGENCIA , OU LINHA VIDA PARA REFAZER JANPER NO PS 1119739631 , LOCAL DE FACIL ACESO , NINGUEM DESLIGADO,  [PS=111973963 V4X4=NAO  CESTO=NAO  LV=NAO  CHVAB=NAO  JUMPAB=NAO  RISCOACID=NAO  CONSDESLIG=NAO  AVARIANAREDE=SIM   TODAREDEINSP=SIM  FONTESUB=NAO]  PS=1119739631,REFAZER JUMPER=1  
494030;SERVICO     : EQUIPE      : CA115VEIC. ALOC. : E3B89DATA        : 26/09/25 00:44 POR ADMSODREGIAO      : TDO 01 - TOLEDOTIPO        : MENSAGEM LIVREMENSAGEM    : FAVOR JERER UMA NDC PARA REFASER  O TERAMENTO DO TR 36874  FICOU ABERTO O TR CLIENTE SEM EMERGIA (SERVICO DE EMERGENCIA)
494031;GERADO NDS PARA TROCAR TR 44712 COM BUCHA SEGUNDARIA QUEIMADA INTERNA FAZE C LOCAL DE FACIL ACESSO TR FICOU COM CF ABERTO TRAZER 3 PARA RAIOS PARA PADRONIZAR,  [PS=774499461 V4X4=NAO  CESTO=NAO  LV=NAO  CHVAB=NAO  JUMPAB=NAO  RISCOACID=NAO  CONSDESLIG=SIM  AVARIANAREDE=SIM   TODAREDEINSP=SIM  FONTESUB=NAO]  PS=774499461,TRANSFORMADO QUEIMADO=1  [PS=774499461,1-TRANSF. TRIF. 33   KV     30KVA  ]
494039;FAVOR GERAR NDS PARA RETIRAR TORRE DE INTERNET QUE CAIU SOBRE EXPRESSO FLOR DA SERRA  NO PS 1118803641 NECESSARIO DE CAMINHAO MUNK NO LOCAL ACESSO BOM CHAVES ABERTAS 19411 E 20661,  [PS=111880364 V4X4=SIM  CESTO=SIM  LV=NAO  CHVAB=SIM  JUMPAB=NAO  RISCOACID=SIM  CONSDESLIG=NAO  AVARIANAREDE=SIM   TODAREDEINSP=SIM  FONTESUB=SIM]  PS=1118803641,RETIRAR OBJETOS ESTRANHOS NA RD=1  
494041;FAVOR GERAR NDS PARA LINHA VIVA TROCAR CHAVE 8601 MESMA DERRETEU  FEITO UM AJUSTE  FASE A   CHAVE FUSIVEL DA 34  COLOCAR LAMINAS  CHAVE ATENDE RA6448   NAO FICOU NIGUEM DESLIGADO  MAIS PRESIZA SER FEITO COM URGENCIA ASSESO PELA LAVOURA PARA CAMINHAO,  [PS=776221729 V4X4=SIM  CESTO=NAO  LV=NAO  CHVAB=NAO  JUMPAB=NAO  RISCOACID=NAO  CONSDESLIG=NAO  AVARIANAREDE=SIM   TODAREDEINSP=NAO  FONTESUB=NAO]  PS=776221729,PODAR ARVORE=1  [PS=776221729,1-CHAVE FUSIVEL C -  POLIMERICA 27KV 300A  ]
494044;GERA NDS PARA SUBISTITUIR PS 775428346 PS 775428278 TRASER DOIS POSTES B 300  UM TR DE 75KVA  TRASER EMENDAS PARA COMDUTORWS  CABO 2 0  AWG,  [PS=775428278 V4X4=NAO  CESTO=NAO  LV=NAO  CHVAB=SIM  JUMPAB=NAO  RISCOACID=SIM  CONSDESLIG=SIM  AVARIANAREDE=SIM   TODAREDEINSP=SIM  FONTESUB=SIM]  PS=775428278,POSTE AVARIADO/ABALROADO (SUBSTITUIR=2  
494046;TRAZER DOIS POSTE  UM B2000 COMPLETO ESTRUTURA N4DN3, TRAZER UM B600 ESTRUTURA N3DN3CF  ( CHAVE 15962,  TRAZE 4 ISOLADOR BASTAO DA PORCELANA,  SEIS CRUZETA , CABO 20 CAA E CABO 4CAA E EMENDA
494053;NDS 493950 COMPLEMENTAR*****TROCA POSTE E TR NO PS 889989664 ROMPEU CABO LEVANDO A QUEBRAR POSTE LOCAL DE DIFICIL ACESSO, REDE VEM DE PALMITAL COMUNICAR COD PARA VER COMO ESTA PRO OUTRO LADO PARA FAZER SERVICO COM SEGURANCA TRAZER UNS 4 METROS DE RAMAL 16 MM
